-- MySQL dump 10.13  Distrib 8.0.33, for Win64 (x86_64)
--
-- Host: localhost    Database: panda_home
-- ------------------------------------------------------
-- Server version	8.0.33

/*!40101 SET @OLD_CHARACTER_SET_CLIENT=@@CHARACTER_SET_CLIENT */;
/*!40101 SET @OLD_CHARACTER_SET_RESULTS=@@CHARACTER_SET_RESULTS */;
/*!40101 SET @OLD_COLLATION_CONNECTION=@@COLLATION_CONNECTION */;
/*!50503 SET NAMES utf8 */;
/*!40103 SET @OLD_TIME_ZONE=@@TIME_ZONE */;
/*!40103 SET TIME_ZONE='+00:00' */;
/*!40014 SET @OLD_UNIQUE_CHECKS=@@UNIQUE_CHECKS, UNIQUE_CHECKS=0 */;
/*!40014 SET @OLD_FOREIGN_KEY_CHECKS=@@FOREIGN_KEY_CHECKS, FOREIGN_KEY_CHECKS=0 */;
/*!40101 SET @OLD_SQL_MODE=@@SQL_MODE, SQL_MODE='NO_AUTO_VALUE_ON_ZERO' */;
/*!40111 SET @OLD_SQL_NOTES=@@SQL_NOTES, SQL_NOTES=0 */;

--
-- Table structure for table `category`
--

DROP TABLE IF EXISTS `category`;
/*!40101 SET @saved_cs_client     = @@character_set_client */;
/*!50503 SET character_set_client = utf8mb4 */;
CREATE TABLE `category` (
  `id` bigint NOT NULL AUTO_INCREMENT,
  `name` varchar(60) NOT NULL,
  PRIMARY KEY (`id`),
  UNIQUE KEY `name` (`name`)
) ENGINE=InnoDB AUTO_INCREMENT=6 DEFAULT CHARSET=utf8mb4 COLLATE=utf8mb4_0900_ai_ci;
/*!40101 SET character_set_client = @saved_cs_client */;

--
-- Dumping data for table `category`
--

LOCK TABLES `category` WRITE;
/*!40000 ALTER TABLE `category` DISABLE KEYS */;
INSERT INTO `category` VALUES (5,'Đồ Gỗ Mỹ Nghệ'),(2,'Nội Thất Phòng Bếp'),(1,'Nội Thất Phòng Khách'),(3,'Nội Thất Phòng Ngủ'),(4,'Nội Thất Văn Phòng');
/*!40000 ALTER TABLE `category` ENABLE KEYS */;
UNLOCK TABLES;

--
-- Table structure for table `customers`
--

DROP TABLE IF EXISTS `customers`;
/*!40101 SET @saved_cs_client     = @@character_set_client */;
/*!50503 SET character_set_client = utf8mb4 */;
CREATE TABLE `customers` (
  `id` bigint NOT NULL AUTO_INCREMENT,
  `name` varchar(100) NOT NULL,
  `address` varchar(255) DEFAULT NULL,
  `phone_number` varchar(10) DEFAULT NULL,
  `email` varchar(65) DEFAULT NULL,
  `birthday` date DEFAULT NULL,
  `create_date` datetime DEFAULT NULL,
  `status_delete` bit(1) DEFAULT b'0',
  `gender` varchar(20) DEFAULT NULL,
  `id_user` bigint DEFAULT NULL,
  `create_time` timestamp NULL DEFAULT CURRENT_TIMESTAMP,
  `update_time` timestamp NULL DEFAULT CURRENT_TIMESTAMP,
  PRIMARY KEY (`id`),
  UNIQUE KEY `email` (`email`),
  KEY `id_user` (`id_user`),
  CONSTRAINT `customers_ibfk_1` FOREIGN KEY (`id_user`) REFERENCES `users` (`id`)
) ENGINE=InnoDB AUTO_INCREMENT=17 DEFAULT CHARSET=utf8mb4 COLLATE=utf8mb4_0900_ai_ci;
/*!40101 SET character_set_client = @saved_cs_client */;

--
-- Dumping data for table `customers`
--

LOCK TABLES `customers` WRITE;
/*!40000 ALTER TABLE `customers` DISABLE KEYS */;
INSERT INTO `customers` VALUES (1,'Đỗ Thành Nhân','Đà Nẵng','0123456789','nhan123@gmail.com','2000-07-03',NULL,_binary '\0','Nam',1,'2023-09-05 08:27:20','2023-09-05 08:27:20'),(2,'Nguyễn Hoàng Anh','Đà Nẵng','0123456789','anh123@gmail.com','2000-06-28',NULL,_binary '\0','Nữ',4,'2023-09-05 08:39:48','2023-09-05 08:39:48'),(3,'Đỗ Thành Nhân','Đà Nẵng, Liên Chiểu','0123456789','nhanA@gmail.com','2000-02-20',NULL,_binary '','Nam',6,'2023-09-11 08:23:08','2023-09-11 08:23:08'),(4,'Đỗ Thành Nhân','Đà Nẵng, Liên Chiểu','0123456789','nhanB@gmail.com','2000-02-20',NULL,_binary '','Nam',9,'2023-09-11 08:26:36','2023-09-11 08:26:36'),(5,'  ','     ','0987633333','heeyeon@gmail.com','2002-09-01',NULL,_binary '','Nam',10,'2023-09-11 08:28:21','2023-09-11 08:28:21'),(6,'hungle','Đà Nẵng, Liên Chiểu','0123456789','nhan12112@gmail.com','2000-02-02',NULL,_binary '','Nam',11,'2023-09-14 03:34:49','2023-09-14 03:34:49'),(7,'Do Thanh Nhan','Đà Nẵng, Liên Chiểu','0123456789','nhan3@gmail.com','2000-02-02',NULL,_binary '','Nam',12,'2023-09-18 06:34:28','2023-09-18 06:34:28'),(8,'Hoàng Anh Tuấn','Đà Nẵng, Liên Chiểu','0124789445','tuan1@gmail.com','2000-02-02',NULL,_binary '\0','Nam',13,'2023-09-18 06:40:07','2023-09-18 06:40:07'),(9,'Phan Tuấn','Đà Nẵng, Liên Chiểu','0123456789','tuan2@gmail.com','2000-02-02',NULL,_binary '\0','Nam',14,'2023-09-18 07:23:20','2023-09-18 07:23:20'),(10,'Phan Tuấn','Đà Nẵng, Liên Chiểu','0123456789','tuan3@gmail.com','2000-02-02',NULL,_binary '\0','Nam',15,'2023-09-18 07:27:59','2023-09-18 07:27:59'),(12,'ADMIN','Đà Nẵng','0123456789','admin@gmail.com','2000-02-02',NULL,_binary '\0','Nam',3,'2023-09-19 07:54:08','2023-09-19 07:54:43'),(13,'Đặng Lê Anh','145 Hoàng Diệu, Đà Nẵng','0123456789','anhle@gmail.com','2001-03-31',NULL,_binary '\0','Nam',16,'2023-09-19 08:08:26','2023-09-19 08:08:26'),(14,'Hữu Hiếu','139 Nguyễn Tri Phương, Đà Nẵng','0123456789','hieu1@gmail.com','2005-02-02',NULL,_binary '','Nam',17,'2023-09-19 08:37:08','2023-09-19 08:37:08'),(15,'Đỗ Thành Nhân','139 Hoàng Thị Loan, Hòa Minh, Liên Chiểu, Đà Nẵng','0123456789','nhan11@gmail.com','2000-02-02',NULL,_binary '\0','Nam',18,'2023-09-21 04:32:58','2023-09-21 04:32:58'),(16,'Nguyễn Văn Hưng','123 Nguyễn Huy Tưởng','0456789123','hung1@gmail.com','2000-02-02',NULL,_binary '\0','Nam',19,'2023-09-21 07:02:18','2023-09-21 07:02:18');
/*!40000 ALTER TABLE `customers` ENABLE KEYS */;
UNLOCK TABLES;

--
-- Table structure for table `image_product`
--

DROP TABLE IF EXISTS `image_product`;
/*!40101 SET @saved_cs_client     = @@character_set_client */;
/*!50503 SET character_set_client = utf8mb4 */;
CREATE TABLE `image_product` (
  `id` bigint NOT NULL AUTO_INCREMENT,
  `url` text,
  `id_product` bigint DEFAULT NULL,
  PRIMARY KEY (`id`),
  KEY `id_product` (`id_product`),
  CONSTRAINT `image_product_ibfk_1` FOREIGN KEY (`id_product`) REFERENCES `products` (`id`)
) ENGINE=InnoDB AUTO_INCREMENT=157 DEFAULT CHARSET=utf8mb4 COLLATE=utf8mb4_0900_ai_ci;
/*!40101 SET character_set_client = @saved_cs_client */;

--
-- Dumping data for table `image_product`
--

LOCK TABLES `image_product` WRITE;
/*!40000 ALTER TABLE `image_product` DISABLE KEYS */;
INSERT INTO `image_product` VALUES (2,'https://noithatdogoviet.com/upload/sanpham/large/bo-ban-ghe-sofa-doi-5-mon-go-cam-xe-cho-can-ho-nho-dep.jpg',4),(3,'https://noithatdogoviet.com/upload/sanpham/large/bo-ban-ghe-sofa-doi-5-mon-go-cam-xe-cho-can-ho-nho-dep-5.jpg',4),(4,'https://noithatdogoviet.com/upload/sanpham/large/bo-ban-ghe-sofa-doi-5-mon-go-cam-xe-cho-can-ho-nho-dep-6.jpg',4),(5,'https://noithatdogoviet.com/upload/sanpham/large/bo-sofa-go-cam-xe-mau-tu-nhien-kieu-doi-5-mon-dep-gia-re.jpg',3),(6,'https://noithatdogoviet.com/upload/sanpham/large/bo-sofa-go-cam-xe-mau-tu-nhien-kieu-doi-5-mon-dep-gia-re-1.jpg',3),(7,'https://noithatdogoviet.com/upload/sanpham/large/ban-ghe-phong-khach-gia-re-go-xoan-dao-cham-tu-quy.jpg',2),(8,'https://noithatdogoviet.com/upload/sanpham/large/ban-ghe-phong-khach-gia-re-go-xoan-dao-cham-tu-quy-1.jpg',2),(9,'https://noithatdogoviet.com/upload/sanpham/large/salon-go-tram-mat-go-do-cham-thu-phap-phuc-loc-tho-bo-tay-10-6-mon-gia-re.jpg',1),(10,'https://noithatdogoviet.com/upload/sanpham/large/salon-go-tram-mat-go-cham-thu-phap-phuc-loc-tho-bo-tay-10-6-mon-gia-re.jpg',1),(11,'https://noithatdogoviet.com/upload/sanpham/large/bo-salon-cham-nghe-tinh-xao-tay-14-go-huong-gia-lai-12-mon-dep.jpg',5),(12,'https://noithatdogoviet.com/upload/sanpham/large/bo-salon-cham-nghe-tinh-xao-tay-14-go-huong-gia-lai-12-mon-dep-1.jpg',5),(13,'https://noithatdogoviet.com/upload/images/bo-salon-cham-nghe-tinh-xao-tay-14-go-huong-gia-lai-12-mon-dep-6-2.jpg',5),(14,'https://noithatdogoviet.com/upload/sanpham/large/mau-tu-ruou-dep-bang-go-huong-da-tu-nhien-dep-gia-re.jpg',6),(15,'https://noithatdogoviet.com/upload/sanpham/large/mau-tu-ruou-dep-bang-go-huong-da-tu-nhien-dep-gia-re-1.jpg',6),(16,'https://noithatdogoviet.com/upload/sanpham/large/mau-tu-ruou-dep-bang-go-huong-da-tu-nhien-dep-gia-re-3.jpg',6),(17,'https://noithatdogoviet.com/upload/sanpham/large/tu-ruou-go-go-do-cao-cap-cong-dep-gia-tot.jpg',7),(18,'https://noithatdogoviet.com/upload/sanpham/large/tu-ruou-go-go-do-cao-cap-cong-dep-gia-tot-4.jpg',7),(19,'https://noithatdogoviet.com/upload/sanpham/large/tu-ruou-go-go-do-cao-cap-cong-dep-gia-tot-1.jpg',7),(20,'https://noithatdogoviet.com/upload/sanpham/large/tu-ruou-goc-go-soi-nga-mau-nau-cho-phong-khach-nho-dep-gia-re.jpg',8),(21,'https://noithatdogoviet.com/upload/sanpham/large/tu-ruou-goc-go-soi-nga-mau-nau-cho-phong-khach-nho-dep-gia-re-5.jpg',8),(22,'https://noithatdogoviet.com/upload/sanpham/large/tu-ruou-goc-go-soi-nga-mau-nau-cho-phong-khach-nho-dep-gia-re-9.jpg',8),(23,'https://noithatdogoviet.com/upload/sanpham/large/tu-trung-ruou-6-canh-da-tang-khung-canh-kinh-cao-cap-gia-re.jpg',9),(24,'https://noithatdogoviet.com/upload/sanpham/large/tu-ruou-go-mdf-phong-khach-hien-dai-mau-trang-ben-dep.jpg',10),(25,'https://noithatdogoviet.com/upload/sanpham/large/tu-ruou-go-mdf-phong-khach-hien-dai-mau-trang-ben-dep-3.jpg',10),(26,'https://noithatdogoviet.com/upload/sanpham/large/tu-ruou-go-mdf-phong-khach-hien-dai-mau-trang-ben-dep-2.jpg',10),(27,'https://noithatdogoviet.com/upload/sanpham/large/tu-ruou-phong-khach-ket-hop-lam-vach-ngan-can-ho-dep.jpg',11),(28,'https://noithatdogoviet.com/upload/sanpham/large/tu-ruou-phong-khach-ket-hop-lam-vach-ngan-can-ho-dep-3.jpg',11),(29,'https://noithatdogoviet.com/upload/sanpham/large/tu-ruou-phong-khach-ket-hop-lam-vach-ngan-can-ho-dep-2.jpg',11),(30,'https://noithatdogoviet.com/upload/sanpham/large/tu-ke-tivi-go-huong-da-vom-hien-dai-dep-gia-re.jpg',12),(31,'https://noithatdogoviet.com/upload/sanpham/large/tu-ke-tivi-go-huong-da-vom-hien-dai-dep-gia-re-4.jpg',12),(32,'https://noithatdogoviet.com/upload/sanpham/large/tu-ke-tivi-go-huong-da-vom-hien-dai-dep-gia-re-6.jpg',12),(33,'https://noithatdogoviet.com/upload/sanpham/large/ke-de-tivi-go-xoan-kieu-nhat-hien-dai-dep-moi-2.jpg',13),(34,'https://noithatdogoviet.com/upload/sanpham/large/ke-de-tivi-go-xoan-kieu-nhat-hien-dai-dep-moi-3.jpg',13),(35,'https://noithatdogoviet.com/upload/sanpham/large/ke-de-tivi-go-xoan-kieu-nhat-hien-dai-dep-moi-5.jpg',13),(36,'https://noithatdogoviet.com/upload/sanpham/large/ke-tu-tivi-ket-hop-tu-ruou-va-ban-tho-go-soi-nga-dep-ben-sang.jpg',14),(37,'https://noithatdogoviet.com/upload/sanpham/large/ke-tu-tivi-ket-hop-tu-ruou-va-ban-tho-go-soi-nga-dep-ben-sang.jpg',14),(38,'https://noithatdogoviet.com/upload/sanpham/large/bo-tu-ke-tivi-ket-hop-tu-ruou-phong-khach-go-soi-nga-dep-sang-re.jpg',15),(39,'https://noithatdogoviet.com/upload/sanpham/large/bo-tu-ke-tivi-ket-hop-tu-ruou-phong-khach-go-soi-nga-dep-sang-re.jpg',15),(40,'https://noithatdogoviet.com/upload/sanpham/large/ke-tu-tivi-cao-cap-phoi-mau-van-soi-tu-nhien-dep-gia-tot.jpg',16),(41,'https://noithatdogoviet.com/upload/sanpham/large/ke-dung-tivi-go-cong-nghiep-mdf-mau-oc-cho-hien-dai-sang-trong.jpg',17),(42,'https://noithatdogoviet.com/upload/sanpham/large/ke-dung-tivi-go-cong-nghiep-mdf-mau-oc-cho-hien-dai-sang-trong-3.jpg',17),(43,'https://noithatdogoviet.com/upload/sanpham/large/ke-dung-tivi-go-cong-nghiep-mdf-mau-oc-cho-hien-dai-sang-trong-1.jpg',17),(44,'https://noithatdogoviet.com/upload/sanpham/large/tu-bep-go-go-do-hien-dai-hinh-chu-l-mau-tu-nhien-dep-gia-re.jpg',18),(45,'https://noithatdogoviet.com/upload/sanpham/large/tu-bep-go-go-do-hien-dai-hinh-chu-l-mau-tu-nhien-dep-gia-re.jpg',18),(46,'https://noithatdogoviet.com/upload/sanpham/large/tu-bep-thang-phong-cach-co-dien-chau-au-go-go-do-dep-gia-re-1.jpg',19),(47,'https://noithatdogoviet.com/upload/sanpham/large/tu-bep-go-soi-my-tu-nhien-mau-hien-dai-dep-ben-gia-tot.jpg',20),(48,'https://noithatdogoviet.com/upload/sanpham/large/tu-ke-bep-kieu-chu-u-co-ke-de-ruou-hien-dai-cho-can-ho-dep.jpg',21),(49,'https://noithatdogoviet.com/upload/sanpham/large/tu-ke-bep-kieu-chu-u-co-ke-de-ruou-hien-dai-cho-can-ho-dep.jpg',21),(50,'https://noithatdogoviet.com/upload/sanpham/large/tu-bep-kieu-chu-i-phong-cach-tan-co-dien-go-xoan-dao-ben-dep-re.jpg',22),(51,'https://noithatdogoviet.com/upload/sanpham/large/tu-bep-kieu-chu-i-phong-cach-tan-co-dien-go-xoan-dao-ben-dep-re.jpg',22),(52,'https://noithatdogoviet.com/upload/sanpham/large/mau-tu-bep-co-dien-sang-trong-cho-nha-pho-go-go-do-dep-ben.jpg',23),(53,'https://noithatdogoviet.com/upload/sanpham/large/mau-tu-bep-co-dien-sang-trong-cho-nha-pho-go-go-do-dep-ben.jpg',23),(54,'https://noithatdogoviet.com/upload/sanpham/large/bo-ban-an-6-ghe-go-cam-xe-tu-nhien-hien-dai-ben-dep-gia-re.jpg',24),(55,'https://noithatdogoviet.com/upload/sanpham/large/bo-ban-an-6-ghe-go-cam-xe-tu-nhien-hien-dai-ben-dep-gia-re-1.jpg',24),(56,'https://noithatdogoviet.com/upload/sanpham/large/bo-ban-an-6-ghe-go-cam-xe-tu-nhien-hien-dai-ben-dep-gia-re-4.jpg',24),(57,'https://noithatdogoviet.com/upload/sanpham/large/bo-ban-an-6-ghe-go-cam-xe-tu-nhien-hien-dai-ben-dep-gia-re-8.jpg',24),(58,'https://noithatdogoviet.com/upload/sanpham/large/bo-ban-an-tron-go-go-do-nguyen-khoi-cham-hoa-6-ghe-ben-dep-re.jpg',25),(59,'https://noithatdogoviet.com/upload/sanpham/large/bo-ban-an-tron-go-go-do-nguyen-khoi-cham-hoa-6-ghe-ben-dep-re-1.jpg',25),(60,'https://noithatdogoviet.com/upload/sanpham/large/ban-an-go-soi-hien-dai-mau-nau-den-1m6-6-ghe-dep-moi-2022.jpg',26),(61,'https://noithatdogoviet.com/upload/sanpham/large/ban-an-go-soi-hien-dai-mau-nau-den-1m6-6-ghe-dep-moi-2022-3.jpg',26),(62,'https://noithatdogoviet.com/upload/sanpham/large/ban-an-go-soi-hien-dai-mau-nau-den-1m6-6-ghe-dep-moi-2022-6.jpg',26),(63,'https://noithatdogoviet.com/upload/sanpham/large/ban-an-go-soi-hien-dai-mau-nau-den-1m6-6-ghe-dep-moi-2022-7.jpg',26),(64,'https://noithatdogoviet.com/upload/sanpham/large/bo-ban-an-xep-gon-4-ghe-go-tu-nhien-mau-nau-dep-gia-re-1.jpg',27),(65,'https://noithatdogoviet.com/upload/sanpham/large/bo-ban-an-xep-gon-4-ghe-go-tu-nhien-mau-nau-dep-gia-re.jpg',27),(66,'https://noithatdogoviet.com/upload/sanpham/large/bo-ban-an-xep-gon-4-ghe-go-tu-nhien-mau-nau-dep-gia-re-2.jpg',27),(67,'https://noithatdogoviet.com/upload/sanpham/large/bo-ban-an-oval-go-soi-nga-tu-nhien-1m6-6-ghe-dep-gia-re.jpg',28),(68,'https://noithatdogoviet.com/upload/sanpham/large/bo-ban-an-oval-go-soi-nga-tu-nhien-1m6-6-ghe-dep-gia-re-1.jpg',28),(69,'https://noithatdogoviet.com/upload/sanpham/large/bo-ban-an-oval-go-soi-nga-tu-nhien-1m6-6-ghe-dep-gia-re-6.jpg',28),(70,'https://noithatdogoviet.com/upload/sanpham/large/tu-chan-bep-de-chen-bat-vat-dung-nha-bep-mau-moi-dep-re.jpg',29),(71,'https://noithatdogoviet.com/upload/sanpham/large/tu-chan-bep-de-chen-bat-vat-dung-nha-bep-mau-moi-dep-re-7.jpg',29),(72,'https://noithatdogoviet.com/upload/sanpham/large/tu-chan-bep-de-chen-bat-vat-dung-nha-bep-mau-moi-dep-re-14.jpg',29),(73,'https://noithatdogoviet.com/upload/sanpham/large/tu-chan-bep-de-chen-bat-vat-dung-nha-bep-mau-moi-dep-re-16.jpg',29),(74,'https://noithatdogoviet.com/upload/sanpham/large/tu-chan-bep-de-chen-bat-vat-dung-nha-bep-mau-moi-dep-re-1.jpg',29),(75,'https://noithatdogoviet.com/upload/sanpham/large/tu-chan-bep-de-chen-bat-vat-dung-nha-bep-mau-moi-dep-re-17.jpg',29),(76,'https://noithatdogoviet.com/upload/sanpham/large/tu-dung-do-phong-bep-da-chuc-nang-tien-loi-hien-dai.jpg',30),(77,'https://noithatdogoviet.com/upload/sanpham/large/tu-dung-do-phong-bep-da-chuc-nang-tien-loi-hien-dai.jpg',30),(78,'https://noithatdogoviet.com/upload/sanpham/large/tu-ruou-ket-hop-tu-chen-bat-go-cong-nghiep-mau-soi-dep.jpg',31),(79,'https://noithatdogoviet.com/upload/sanpham/large/tu-ruou-ket-hop-tu-chen-bat-go-cong-nghiep-mau-soi-dep-1.jpg',31),(80,'https://noithatdogoviet.com/upload/sanpham/large/tu-ruou-ket-hop-tu-chen-bat-go-cong-nghiep-mau-soi-dep-2.jpg',31),(82,'https://noithatdogoviet.com/upload/sanpham/large/tu-de-chen-bat-ket-hop-de-ruou-phong-bep-go-mdf-mau-cao.jpg',32),(83,'https://noithatdogoviet.com/upload/sanpham/large/tu-de-chen-bat-ket-hop-de-ruou-phong-bep-go-mdf-mau-cao.jpg',32),(84,'https://noithatdogoviet.com/upload/sanpham/large/tu-ao-4-canh-co-lon-co-ke-trang-tri-ben-hong-dep-gia-tot.jpg',33),(85,'https://noithatdogoviet.com/upload/sanpham/large/tu-ao-4-canh-co-lon-co-ke-trang-tri-ben-hong-dep-gia-tot-1.jpg',33),(86,'https://noithatdogoviet.com/upload/sanpham/large/tu-ao-4-canh-co-lon-co-ke-trang-tri-ben-hong-dep-gia-tot-2.jpg',33),(87,'https://noithatdogoviet.com/upload/sanpham/large/tu-cat-quan-ao-go-soi-3-canh-mo-2-buong-pano-cham-dep-gia-re.jpg',34),(88,'https://noithatdogoviet.com/upload/sanpham/large/tu-cat-quan-ao-go-soi-3-canh-mo-2-buong-pano-cham-dep-gia-re-2.jpg',34),(89,'https://noithatdogoviet.com/upload/sanpham/large/tu-cat-quan-ao-go-soi-3-canh-mo-2-buong-pano-cham-dep-gia-re-1.jpg',34),(90,'https://noithatdogoviet.com/upload/sanpham/large/tu-ao-quan-go-soi-tu-nhien-mau-oc-cho-4-canh-ben-dep-gia-re.jpg',35),(91,'https://noithatdogoviet.com/upload/sanpham/large/tu-ao-quan-go-soi-tu-nhien-mau-oc-cho-4-canh-ben-dep-gia-re-1.jpg',35),(92,'https://noithatdogoviet.com/upload/sanpham/large/tu-ao-quan-go-soi-tu-nhien-mau-oc-cho-4-canh-ben-dep-gia-re-3.jpg',35),(93,'https://noithatdogoviet.com/upload/sanpham/large/tu-quan-ao-cua-lua-go-tu-nhien-kem-ke-trang-tri-mau-soi-hien-dai.jpg',36),(94,'https://noithatdogoviet.com/upload/sanpham/large/tu-quan-ao-cua-lua-go-tu-nhien-kem-ke-trang-tri-mau-soi-hien-dai.jpg',36),(95,'https://noithatdogoviet.com/upload/sanpham/large/tu-quan-ao-go-soi-4-canh-lon-kem-ke-ke-noc-hien-dai.jpg',37),(96,'https://noithatdogoviet.com/upload/sanpham/large/tu-quan-ao-go-soi-4-canh-lon-kem-ke-ke-noc-hien-dai-2.jpg',37),(97,'https://noithatdogoviet.com/upload/sanpham/large/tu-quan-ao-go-soi-4-canh-lon-kem-ke-ke-noc-hien-dai-1.jpg',37),(98,'https://noithatdogoviet.com/upload/sanpham/large/giuong-ngu-go-huong-da-cao-cap-vat-phan-nguyen-tam.jpg',38),(99,'https://noithatdogoviet.com/upload/sanpham/large/giuong-ngu-go-huong-da-cao-cap-vat-phan-nguyen-tam-2.jpg',38),(100,'https://noithatdogoviet.com/upload/sanpham/large/giuong-ngu-go-huong-da-co-dien-cham-tro-tinh-xao.jpg',39),(101,'https://noithatdogoviet.com/upload/sanpham/large/giuong-ngu-go-huong-da-co-dien-cham-tro-tinh-xao.jpg',39),(102,'https://noithatdogoviet.com/upload/sanpham/large/giuong-ngu-go-tu-nhien-cao-cap-cham-kieu-hoang-gia-dang-cap.jpg',40),(103,'https://noithatdogoviet.com/upload/sanpham/large/giuong-ngu-go-tu-nhien-cao-cap-cham-kieu-hoang-gia-dang-cap-1.jpg',40),(104,'https://noithatdogoviet.com/upload/sanpham/large/giuong-ngu-cao-cap-co-hoc-keo-hong-da-cong-nang.jpg',41),(105,'https://noithatdogoviet.com/upload/sanpham/large/giuong-ngu-cao-cap-co-hoc-keo-hong-da-cong-nang-1.jpg',41),(106,'https://noithatdogoviet.com/upload/sanpham/large/giuong-ngu-go-go-do-100-cham-bong-hong-dep-cao-cap.jpg',42),(107,'https://noithatdogoviet.com/upload/sanpham/large/giuong-ngu-go-go-do-100-cham-bong-hong-dep-cao-cap.jpg',42),(108,'https://noithatdogoviet.com/upload/sanpham/large/ban-trang-diem-go-huong-da-oval-thien-nga-dep-gia-re.jpg',43),(109,'https://noithatdogoviet.com/upload/sanpham/large/ban-trang-diem-go-huong-da-oval-thien-nga-dep-gia-re.jpg',43),(110,'https://noithatdogoviet.com/upload/sanpham/large/ban-trang-diem-go-huong-da-2-thung-kinh-tron-vo-so-dep-gia-re.jpg',44),(111,'https://noithatdogoviet.com/upload/sanpham/large/ban-trang-diem-go-huong-da-2-thung-kinh-tron-vo-so-dep-gia-re.jpg',44),(112,'https://noithatdogoviet.com/upload/sanpham/large/ban-trang-diem-2-thung-go-huong-da-cao-cap.jpg',45),(113,'https://noithatdogoviet.com/upload/sanpham/large/ban-trang-diem-2-thung-go-huong-da-cao-cap-1.jpg',45),(114,'https://noithatdogoviet.com/upload/sanpham/large/ban-trang-diem-2-thung-go-huong-da-cao-cap-4.jpg',45),(115,'https://noithatdogoviet.com/upload/sanpham/large/ban-trang-diem-2-thung-go-huong-da-cao-cap-6.jpg',45),(116,'https://noithatdogoviet.com/upload/sanpham/large/ban-trang-diem-huong-da-kinh-oval-2-thung-co-ke-dep-gia-tot.jpg',46),(117,'https://noithatdogoviet.com/upload/sanpham/large/ban-trang-diem-huong-da-kinh-oval-2-thung-co-ke-dep-gia-tot.jpg',46),(118,'https://noithatdogoviet.com/upload/sanpham/large/ban-lam-viec-nho-go-soi-nga-1m2-gia-re-binh-dan.jpg',47),(119,'https://noithatdogoviet.com/upload/sanpham/large/ban-lam-viec-nho-go-soi-nga-1m2-gia-re-binh-dan-1.jpg',47),(120,'https://noithatdogoviet.com/upload/sanpham/large/ban-lam-viec-nho-go-soi-nga-1m2-gia-re-binh-dan-6.jpg',47),(121,'https://noithatdogoviet.com/upload/sanpham/large/ban-lam-viec-go-mdf-loi-xanh-hien-dai-co-1-hoc-tu-mau-xam-dep-re.jpg',48),(122,'https://noithatdogoviet.com/upload/images/ban-lam-viec-go-mdf-loi-xanh-hien-dai-co-1-ho-5-2.jpg',48),(123,'https://noithatdogoviet.com/upload/sanpham/large/ban-lam-viec-go-mdf-loi-xanh-hien-dai-co-1-hoc-tu-mau-xam-dep-re-1.jpg',48),(124,'https://noithatdogoviet.com/upload/sanpham/large/ban-lam-viec-may-tinh-tai-nha-hien-dai-go-mdf-loi-xanh-dep-re.jpg',49),(125,'https://noithatdogoviet.com/upload/sanpham/large/ban-lam-viec-may-tinh-tai-nha-hien-dai-go-mdf-loi-xanh-dep-re-1.jpg',49),(126,'https://noithatdogoviet.com/upload/sanpham/large/ban-lam-viec-van-phong-hien-dai-go-mdf-loi-xanh-mau-moi-dep.jpg',50),(127,'https://noithatdogoviet.com/upload/sanpham/large/ban-lam-viec-van-phong-hien-dai-go-mdf-loi-xanh-mau-moi-dep-1.jpg',50),(128,'https://noithatdogoviet.com/upload/sanpham/large/ghe-xoay-tua-lung-van-phong-cao-cap-gia-re-canh-tranh.jpg',51),(129,'https://noithatdogoviet.com/upload/sanpham/large/ghe-xoay-tua-lung-van-phong-cao-cap-gia-re-canh-tranh.jpg',51),(130,'https://noithatdogoviet.com/upload/sanpham/large/ghe-luoi-van-phong-kieu-chan-quy-hien-dai.jpg',52),(131,'https://noithatdogoviet.com/upload/sanpham/large/ghe-luoi-van-phong-kieu-chan-quy-hien-dai.jpg',52),(132,'https://noithatdogoviet.com/upload/sanpham/large/ghe-xoay-da-nang-van-phong-gia-re.jpg',53),(133,'https://noithatdogoviet.com/upload/sanpham/large/ghe-xoay-da-nang-van-phong-gia-re.jpg',53),(134,'https://noithatdogoviet.com/upload/sanpham/large/tu-ho-so-2-tang-canh-kinh-mo-trong-suot-dien-tich-rong-rai.jpg',54),(135,'https://noithatdogoviet.com/upload/sanpham/large/tu-ho-so-2-tang-canh-kinh-mo-trong-suot-dien-tich-rong-rai.jpg',54),(136,'https://noithatdogoviet.com/upload/sanpham/large/tu-de-sach-cua-kinh-phong-lam-viec-mau-soi-go-tu-nhien-mau-moi-dep.jpg',55),(137,'https://noithatdogoviet.com/upload/sanpham/large/tu-de-sach-cua-kinh-phong-lam-viec-mau-soi-go-tu-nhien-mau-moi-dep-1.jpg',55),(138,'https://noithatdogoviet.com/upload/sanpham/large/tu-sach-canh-kinh-phong-lam-viec-hien-dai-mau-vang-soi-dep.jpg',56),(139,'https://noithatdogoviet.com/upload/sanpham/large/tu-sach-canh-kinh-phong-lam-viec-hien-dai-mau-vang-soi-dep-1.jpg',56),(140,'https://noithatdogoviet.com/upload/sanpham/large/tu-ho-so-kem-ban-lam-viec-da-nang-canh-kinh-cuong-luc-tot.jpg',57),(141,'https://noithatdogoviet.com/upload/sanpham/large/tu-ho-so-kem-ban-lam-viec-da-nang-canh-kinh-cuong-luc-tot-1.jpg',57),(142,'https://noithatdogoviet.com/upload/sanpham/large/tu-ho-so-kem-ban-lam-viec-da-nang-canh-kinh-cuong-luc-tot-2.jpg',57),(143,'https://noithatdogoviet.com/upload/sanpham/large/luc-binh-de-phong-khach-go-huong-do-1m6-dep-gia-re-1.jpg',58),(144,'https://noithatdogoviet.com/upload/sanpham/large/luc-binh-de-phong-khach-go-huong-do-1m6-dep-gia-re-2.jpg',58),(145,'https://noithatdogoviet.com/upload/sanpham/large/luc-binh-de-phong-khach-go-huong-do-1m6-dep-gia-re-4.jpg',58),(146,'https://noithatdogoviet.com/upload/sanpham/large/bo-luc-binh-mini-go-nu-nghien-trang-tri-de-ban-dep-gia-re.jpg',59),(147,'https://noithatdogoviet.com/upload/sanpham/large/bo-luc-binh-mini-go-nu-nghien-trang-tri-de-ban-dep-gia-re-2.jpg',59),(148,'https://noithatdogoviet.com/upload/sanpham/large/bo-luc-binh-mini-go-nu-nghien-trang-tri-de-ban-dep-gia-re-4.jpg',59),(149,'https://noithatdogoviet.com/upload/sanpham/large/bo-luc-binh-mini-go-nu-nghien-trang-tri-de-ban-dep-gia-re-7.jpg',59),(150,'https://noithatdogoviet.com/upload/sanpham/large/cap-luc-binh-go-trac-nam-phi-cao-1m1-van-dep-gia-re.jpg',60),(151,'https://noithatdogoviet.com/upload/sanpham/large/cap-luc-binh-go-trac-nam-phi-cao-1m1-van-dep-gia-re-6.jpg',60),(152,'https://noithatdogoviet.com/upload/images/tuong-go-phong-thuy-quan-cong-cam-dao-dep-gia-tot-1-1.jpg',61),(153,'https://noithatdogoviet.com/upload/images/tuong-go-phong-thuy-quan-cong-cam-dao-dep-gia-tot-2-1.jpg',61),(154,'https://noithatdogoviet.com/upload/images/tuong-go-phong-thuy-quan-cong-cam-dao-dep-gia-tot-4-1.jpg',61),(155,'https://noithatdogoviet.com/upload/sanpham/large/tuong-go-dung-ong-di-lac-cuoi-lan-cau-tai-dep.jpg',62),(156,'https://noithatdogoviet.com/upload/sanpham/large/tuong-go-dung-ong-di-lac-cuoi-lan-cau-tai-dep-2.jpg',62);
/*!40000 ALTER TABLE `image_product` ENABLE KEYS */;
UNLOCK TABLES;

--
-- Table structure for table `order_detail`
--

DROP TABLE IF EXISTS `order_detail`;
/*!40101 SET @saved_cs_client     = @@character_set_client */;
/*!50503 SET character_set_client = utf8mb4 */;
CREATE TABLE `order_detail` (
  `id` bigint NOT NULL AUTO_INCREMENT,
  `price` bigint NOT NULL,
  `quantity` int DEFAULT NULL,
  `create_date` datetime DEFAULT NULL,
  `update_time` datetime DEFAULT NULL,
  `status_delete` bit(1) DEFAULT b'0',
  `order_id` bigint DEFAULT NULL,
  `product_id` bigint DEFAULT NULL,
  `create_time` timestamp NULL DEFAULT CURRENT_TIMESTAMP,
  PRIMARY KEY (`id`),
  KEY `order_id` (`order_id`),
  KEY `product_id` (`product_id`),
  CONSTRAINT `order_detail_ibfk_1` FOREIGN KEY (`order_id`) REFERENCES `orders` (`id`),
  CONSTRAINT `order_detail_ibfk_2` FOREIGN KEY (`product_id`) REFERENCES `products` (`id`)
) ENGINE=InnoDB AUTO_INCREMENT=59 DEFAULT CHARSET=utf8mb4 COLLATE=utf8mb4_0900_ai_ci;
/*!40101 SET character_set_client = @saved_cs_client */;

--
-- Dumping data for table `order_detail`
--

LOCK TABLES `order_detail` WRITE;
/*!40000 ALTER TABLE `order_detail` DISABLE KEYS */;
INSERT INTO `order_detail` VALUES (1,45000000,2,'2023-09-19 10:43:52','2023-09-19 10:44:00',_binary '\0',1,1,'2023-09-19 03:45:06'),(2,23000000,1,'2023-09-19 10:44:03','2023-09-19 10:44:06',_binary '\0',2,2,'2023-09-19 03:45:08'),(3,12000000,2,'2023-09-19 10:44:18','2023-09-19 10:44:07',_binary '\0',3,3,'2023-09-19 03:45:09'),(4,9000000,2,'2023-09-19 10:44:14','2023-09-19 10:44:09',_binary '\0',1,2,'2023-09-19 03:45:10'),(5,10000000,1,'2023-09-19 10:44:13','2023-09-19 10:44:11',_binary '\0',2,1,'2023-09-19 03:45:11'),(6,10490000,2,NULL,NULL,NULL,4,35,NULL),(7,9890000,3,NULL,NULL,NULL,4,2,NULL),(8,9890000,7,NULL,NULL,NULL,5,2,NULL),(9,43500000,1,NULL,NULL,NULL,6,3,NULL),(10,43500000,1,NULL,'2023-09-19 13:36:23',_binary '\0',7,3,'2023-09-19 06:36:23'),(11,43500000,4,NULL,'2023-09-19 13:41:59',_binary '\0',8,3,'2023-09-19 06:41:59'),(12,24490000,1,NULL,'2023-09-19 13:48:10',_binary '\0',9,7,'2023-09-19 06:48:10'),(13,15490000,1,NULL,'2023-09-19 13:48:10',_binary '\0',9,6,'2023-09-19 06:48:10'),(14,7950000,1,NULL,'2023-09-19 14:22:59',_binary '\0',10,19,'2023-09-19 07:22:59'),(15,188000000,1,NULL,'2023-09-19 20:31:47',_binary '\0',11,5,'2023-09-19 13:31:47'),(16,188000000,1,NULL,'2023-09-19 20:41:06',_binary '\0',12,5,'2023-09-19 13:41:06'),(17,43500000,4,NULL,'2023-09-19 21:19:35',_binary '\0',13,3,'2023-09-19 14:19:35'),(18,5990000,2,NULL,'2023-09-19 21:25:02',_binary '\0',14,8,'2023-09-19 14:25:02'),(19,24490000,1,NULL,'2023-09-19 21:25:02',_binary '\0',14,7,'2023-09-19 14:25:02'),(20,15490000,1,NULL,'2023-09-19 21:25:02',_binary '\0',14,6,'2023-09-19 14:25:02'),(21,37500000,1,NULL,'2023-09-19 21:25:02',_binary '\0',14,4,'2023-09-19 14:25:02'),(22,37500000,2,NULL,'2023-09-21 01:48:42',_binary '\0',15,4,'2023-09-20 18:48:42'),(23,24490000,1,NULL,'2023-09-21 02:09:50',_binary '\0',16,7,'2023-09-20 19:09:50'),(24,37500000,2,NULL,'2023-09-21 02:09:50',_binary '\0',16,4,'2023-09-20 19:09:50'),(25,3990000,1,NULL,'2023-09-21 02:09:50',_binary '\0',16,13,'2023-09-20 19:09:50'),(26,5750000,1,NULL,'2023-09-21 02:09:50',_binary '\0',16,11,'2023-09-20 19:09:50'),(27,37500000,1,NULL,'2023-09-21 02:12:54',_binary '\0',17,4,'2023-09-20 19:12:54'),(28,37500000,1,NULL,'2023-09-21 02:14:21',_binary '\0',18,4,'2023-09-20 19:14:21'),(29,37500000,1,NULL,'2023-09-21 02:17:34',_binary '\0',19,4,'2023-09-20 19:17:34'),(30,37500000,1,NULL,'2023-09-21 02:19:26',_binary '\0',20,4,'2023-09-20 19:19:26'),(31,37500000,1,NULL,'2023-09-21 02:20:30',_binary '\0',21,4,'2023-09-20 19:20:30'),(32,7950000,1,NULL,'2023-09-21 10:52:24',_binary '\0',22,19,'2023-09-21 03:52:24'),(33,4750000,1,NULL,'2023-09-21 10:52:24',_binary '\0',22,20,'2023-09-21 03:52:24'),(34,6950000,2,NULL,'2023-09-21 15:00:07',_binary '\0',23,18,'2023-09-21 08:00:07'),(35,8590000,1,NULL,'2023-09-21 15:10:04',_binary '\0',24,23,'2023-09-21 08:10:04'),(36,8590000,1,NULL,'2023-09-21 16:23:45',_binary '\0',25,23,'2023-09-21 09:23:45'),(37,4750000,2,NULL,'2023-09-21 16:25:18',_binary '\0',26,20,'2023-09-21 09:25:18'),(38,7950000,1,NULL,'2023-09-21 16:28:51',_binary '\0',27,34,'2023-09-21 09:28:51'),(39,12320000,1,NULL,'2023-09-21 16:31:32',_binary '\0',28,36,'2023-09-21 09:31:32'),(40,9590000,1,NULL,'2023-09-21 17:02:28',_binary '\0',29,26,'2023-09-21 10:02:28'),(41,6590000,1,NULL,'2023-09-21 17:02:28',_binary '\0',29,27,'2023-09-21 10:02:28'),(42,7590000,1,NULL,'2023-09-21 17:02:28',_binary '\0',29,28,'2023-09-21 10:02:28'),(43,6950000,1,NULL,'2023-09-21 17:02:28',_binary '\0',29,29,'2023-09-21 10:02:28'),(44,7300000,1,NULL,'2023-09-21 17:02:28',_binary '\0',29,30,'2023-09-21 10:02:28'),(45,4250000,1,NULL,'2023-09-21 17:02:28',_binary '\0',29,22,'2023-09-21 10:02:28'),(46,3980000,2,NULL,'2023-09-21 17:02:28',_binary '\0',29,31,'2023-09-21 10:02:28'),(47,29500000,3,NULL,'2023-09-21 17:02:28',_binary '\0',29,25,'2023-09-21 10:02:28'),(48,16250000,1,NULL,'2023-09-21 17:02:28',_binary '\0',29,40,'2023-09-21 10:02:28'),(49,7950000,1,NULL,'2023-09-21 17:02:28',_binary '\0',29,34,'2023-09-21 10:02:28'),(50,5750000,1,NULL,'2023-09-21 17:02:28',_binary '\0',29,11,'2023-09-21 10:02:28'),(51,4590000,1,NULL,'2023-09-21 17:02:28',_binary '\0',29,21,'2023-09-21 10:02:28'),(52,15490000,1,NULL,'2023-09-21 17:14:33',_binary '\0',30,6,'2023-09-21 10:14:33'),(54,37500000,1,NULL,'2023-09-22 13:45:25',_binary '\0',32,4,'2023-09-22 06:45:25'),(55,43500000,1,NULL,'2023-09-22 13:45:25',_binary '\0',32,3,'2023-09-22 06:45:25'),(56,12320000,1,NULL,'2023-09-22 13:45:25',_binary '\0',32,36,'2023-09-22 06:45:25'),(57,15490000,1,NULL,'2023-09-22 15:37:36',_binary '\0',33,6,'2023-09-22 08:37:36'),(58,24490000,1,NULL,'2023-09-22 15:37:36',_binary '\0',33,7,'2023-09-22 08:37:36');
/*!40000 ALTER TABLE `order_detail` ENABLE KEYS */;
UNLOCK TABLES;

--
-- Table structure for table `orders`
--

DROP TABLE IF EXISTS `orders`;
/*!40101 SET @saved_cs_client     = @@character_set_client */;
/*!50503 SET character_set_client = utf8mb4 */;
CREATE TABLE `orders` (
  `id` bigint NOT NULL AUTO_INCREMENT,
  `order_code` varchar(40) DEFAULT NULL,
  `customer_id` bigint DEFAULT NULL,
  `total_price` bigint DEFAULT NULL,
  `delivery_address` text,
  `consignee_name` varchar(255) DEFAULT NULL,
  `phone_number` varchar(255) DEFAULT NULL,
  `deposit` bigint DEFAULT NULL,
  `shipping_cost` bigint DEFAULT NULL,
  `create_date` timestamp NULL DEFAULT CURRENT_TIMESTAMP,
  `note` text,
  `status` int DEFAULT NULL,
  PRIMARY KEY (`id`),
  UNIQUE KEY `order_code` (`order_code`),
  KEY `customer_id` (`customer_id`),
  CONSTRAINT `orders_ibfk_1` FOREIGN KEY (`customer_id`) REFERENCES `customers` (`id`)
) ENGINE=InnoDB AUTO_INCREMENT=34 DEFAULT CHARSET=utf8mb4 COLLATE=utf8mb4_0900_ai_ci;
/*!40101 SET character_set_client = @saved_cs_client */;

--
-- Dumping data for table `orders`
--

LOCK TABLES `orders` WRITE;
/*!40000 ALTER TABLE `orders` DISABLE KEYS */;
INSERT INTO `orders` VALUES (1,'123456',1,45000000,'Đà  nẵng',NULL,NULL,NULL,NULL,'2023-09-19 01:12:07',NULL,1),(2,'123457',1,60000000,'Huế',NULL,NULL,NULL,NULL,'2023-09-19 01:12:07',NULL,1),(3,'123458',1,50000000,'Huế',NULL,NULL,NULL,NULL,'2023-09-19 01:12:07',NULL,1),(4,'PD1-281676',1,50650000,'Đà Nẵng','Đỗ Thành Nhân','0123456789',NULL,NULL,NULL,NULL,1),(5,'PD1-581759',1,69230000,'Đà Nẵng','Đỗ Thành Nhân','0123456789',NULL,NULL,NULL,NULL,1),(6,'PD1-984159',1,43500000,'Đà Nẵng','Đỗ Thành Nhân','0123456789',NULL,NULL,NULL,NULL,1),(7,'PD1-349961',1,43500000,'Đà Nẵng','Đỗ Thành Nhân','0123456789',NULL,NULL,'2023-09-19 06:36:23','',0),(8,'PD1-358159',1,174000000,'Đà Nẵng','Đỗ Thành Nhân','0123456789',NULL,NULL,'2023-09-19 06:41:59','',0),(9,'PD1-823952',1,39980000,'158 Hoàng Diệu, Đà Nẵng','Đỗ Thành Nhân','0123456789',NULL,NULL,'2023-09-19 06:48:10','Giao hàng sớm giúm tôi, tôi cần trước 30/9',0),(10,'PD1-462189',1,7950000,'Khánh Hòa, Việt Nam','Nguyễn Hứu Trọng','0134567988',NULL,NULL,'2023-09-19 07:22:59','12345689',0),(11,'PD8-893584',8,188000000,'Đà Nẵng, Liên Chiểu','Hoàng Anh Tuấn','0124789445',NULL,NULL,'2023-09-19 13:31:47','Giao hàng trước 10h sáng nha',1),(12,'PD8-819477',8,188000000,'Đà Nẵng, Liên Chiểu','Hoàng Anh Tuấn','0124789445',NULL,NULL,'2023-09-19 13:41:06','',0),(13,'PD8-982883',8,174000000,'Đà Nẵng, Liên Chiểu','Hoàng Anh Tuấn','0124789445',NULL,NULL,'2023-09-19 14:19:35','',1),(14,'PD1-311758',1,89460000,'Đà Nẵng','Đỗ Thành Nhân','0123456789',NULL,NULL,'2023-09-19 14:25:02','123464asdasdasd\nádas\nđâsd\nádasdas\nádasda\nsádas\nd\nadsad\nád\nád\ná\nd\nád\ná\nd\ná\nda\nsd',0),(15,'PD8-843185',8,75000000,'138 Hoàng Hoa Thám, Đà Nẵng','Hoàng Anh Tuấn','0124789445',NULL,NULL,'2023-09-20 18:48:41','',0),(16,'PD1-856911',1,109230000,'Đà Nẵng','Đỗ Thành Nhân','0123456789',NULL,NULL,'2023-09-20 19:09:50','',0),(17,'PD1-575611',1,37500000,'Đà Nẵng','Đỗ Thành Nhân','0123456789',NULL,NULL,'2023-09-20 19:12:54','',0),(18,'PD1-342014',1,37500000,'Đà Nẵng','Đỗ Thành Nhân','0123456789',NULL,NULL,'2023-09-20 19:14:20','',0),(19,'PD1-106841',1,37500000,'Đà Nẵng','Đỗ Thành Nhân','0123456789',NULL,NULL,'2023-09-20 19:17:34','',0),(20,'PD1-559647',1,37500000,'Đà Nẵng','Đỗ Thành Nhân','0123456789',NULL,NULL,'2023-09-20 19:19:26','',0),(21,'PD1-768927',1,37500000,'Đà Nẵng','Đỗ Thành Nhân','0123456789',NULL,NULL,'2023-09-20 19:20:30','',0),(22,'PD1-996621',1,13589000,'Đà Nẵng','Đỗ Thành Nhân','0123456789',NULL,889000,'2023-09-21 03:52:24','',0),(23,'PD16-405173',16,13900000,'123 Nguyễn Huy Tưởng','Nguyễn Văn Hưng','0456789123',NULL,0,'2023-09-21 08:00:07','',0),(24,'PD16-952884',16,8590000,'123 Nguyễn Huy Tưởng, Đà Nẵng','Nguyễn Văn Hưng','0456789123',NULL,0,'2023-09-21 08:10:04','',0),(25,'PD16-414649',16,9191300,'123 Nguyễn Huy Tưởng, Đà Nẵng','Nguyễn Văn Hưng','0456789123',NULL,601300,'2023-09-21 09:23:45','',0),(26,'PD16-490045',16,10165000,'123 Nguyễn Huy Tưởng, Đà Nẵng','Nguyễn Văn Hưng','0456789123',NULL,665000,'2023-09-21 09:25:18','',0),(27,'PD16-302351',16,8506500,'123 Nguyễn Huy Tưởng, Đà Nẵng','Nguyễn Văn Hưng','0456789123',NULL,556500,'2023-09-21 09:28:51','',0),(28,'PD16-838271',16,13182400,'123 Nguyễn Huy Tưởng, Đà Nẵng','Nguyễn Văn Hưng','0456789123',NULL,862400,'2023-09-21 09:31:32','1232 - 862.4 - 13182.4',0),(29,'PD16-646131',16,173270000,'123 Nguyễn Huy Tưởng','Nguyễn Văn Hưng','0456789123',NULL,0,'2023-09-21 10:02:28','',0),(30,'PD16-570326',16,15490000,'123 Nguyễn Huy Tưởng','Nguyễn Văn Hưng','0456789123',NULL,0,'2023-09-21 10:14:33','',0),(32,'PD1-235560',1,93320000,'Đà Nẵng','Đỗ Thành Nhân','0123456789',NULL,0,'2023-09-22 06:45:24','123123',0),(33,'PD1-819310',1,39980000,'Đà Nẵng','Đỗ Thành Nhân','0123456789',NULL,0,'2023-09-22 08:37:36','',0);
/*!40000 ALTER TABLE `orders` ENABLE KEYS */;
UNLOCK TABLES;

--
-- Table structure for table `product_type`
--

DROP TABLE IF EXISTS `product_type`;
/*!40101 SET @saved_cs_client     = @@character_set_client */;
/*!50503 SET character_set_client = utf8mb4 */;
CREATE TABLE `product_type` (
  `id` bigint NOT NULL AUTO_INCREMENT,
  `name` varchar(60) NOT NULL,
  PRIMARY KEY (`id`),
  UNIQUE KEY `name` (`name`)
) ENGINE=InnoDB AUTO_INCREMENT=189 DEFAULT CHARSET=utf8mb4 COLLATE=utf8mb4_0900_ai_ci;
/*!40101 SET character_set_client = @saved_cs_client */;

--
-- Dumping data for table `product_type`
--

LOCK TABLES `product_type` WRITE;
/*!40000 ALTER TABLE `product_type` DISABLE KEYS */;
INSERT INTO `product_type` VALUES (1,'Bàn ghế phòng khách'),(10,'Bàn làm việc'),(9,'Bàn trang điểm'),(5,'Bộ bàn ăn'),(15,'Đồng hồ gỗ'),(11,'Ghế văn phòng'),(8,'Giường ngủ'),(6,'Kệ chén'),(3,'Kệ ti vi'),(13,'Lục bình gỗ'),(16,'Tranh gỗ'),(7,'Tủ áo quần'),(4,'Tủ bếp'),(12,'Tủ kệ văn phòng'),(2,'Tủ trưng bày phòng khách'),(14,'Tượng gỗ');
/*!40000 ALTER TABLE `product_type` ENABLE KEYS */;
UNLOCK TABLES;

--
-- Table structure for table `products`
--

DROP TABLE IF EXISTS `products`;
/*!40101 SET @saved_cs_client     = @@character_set_client */;
/*!50503 SET character_set_client = utf8mb4 */;
CREATE TABLE `products` (
  `id` bigint NOT NULL AUTO_INCREMENT,
  `name` varchar(255) NOT NULL,
  `price` bigint NOT NULL,
  `description` text,
  `create_date` datetime DEFAULT NULL,
  `update_date` datetime DEFAULT NULL,
  `image` text,
  `quantity` int DEFAULT NULL,
  `status_delete` bit(1) DEFAULT (0),
  `product_type` bigint DEFAULT NULL,
  `category` bigint DEFAULT NULL,
  `product_code` varchar(45) NOT NULL,
  `create_time` timestamp NULL DEFAULT CURRENT_TIMESTAMP,
  `update_time` timestamp NULL DEFAULT CURRENT_TIMESTAMP,
  PRIMARY KEY (`id`),
  KEY `product_type` (`product_type`),
  KEY `category` (`category`),
  CONSTRAINT `products_ibfk_1` FOREIGN KEY (`product_type`) REFERENCES `product_type` (`id`),
  CONSTRAINT `products_ibfk_2` FOREIGN KEY (`category`) REFERENCES `category` (`id`)
) ENGINE=InnoDB AUTO_INCREMENT=63 DEFAULT CHARSET=utf8mb4 COLLATE=utf8mb4_0900_ai_ci;
/*!40101 SET character_set_client = @saved_cs_client */;

--
-- Dumping data for table `products`
--

LOCK TABLES `products` WRITE;
/*!40000 ALTER TABLE `products` DISABLE KEYS */;
INSERT INTO `products` VALUES (1,'Bộ Bàn Ghế Phòng Khách Gia Đình Xoan Đào Tay 12 6 Món',17390000,'Chất liệu: Gỗ xoan đào.\n-Kích thước chi tiết:\n-Trọn bộ: Dài 181 x Rộng 226cm.\n-Băng dài phủ bì: 181 x 61cm.\n-Băng dài lọt lòng: 164 x 52cm.\n-Cao mặt ghế: 41cm.\n-Ghế đơn phủ bì: 75 x 61cm.\n-Ghế đơn lọt lòng: 56 x 53cm.\n-Cao mặt ghế: 41cm.\n-Bàn: 125 x 65 x cao 54cm.\n-Đôn: Cao 40 x Ngang 39 x Dọc 39cm.\n-Tình trạng: Hàng mới 100%',NULL,NULL,'https://noithatdogoviet.com/upload/sanpham/large/bo-ban-ghe-phong-khach-gia-dinh-xoan-dao-tay-12-6-mon-dep-gia-re.jpg',10,_binary '\0',1,1,'SALON01','2023-09-05 16:14:35','2023-09-05 16:14:35'),(2,'Bàn Ghế Salon Gỗ Xoan Đào Chạm Chữ Phúc Lộc Thọ',9890000,'Chất liệu: Gỗ xoan đào.\n-Kích thước chi tiết:\n-Ghế dài: Ngang 160/185 x Cao 38/113 x Sâu 51/62cm.\n-Ghế đơn: Ngang 53/77 x Cao 38/113 x Sâu 51/62cm.\n-Bàn: Ngang 100 x Cao 48 x Sâu 52cm.\n-Bàn nhỏ: Ngang 51 x Cao 48 x Sâu 51cm.\n-Tình trạng: Hàng mới 100%',NULL,NULL,'https://noithatdogoviet.com/upload/sanpham/large/ban-ghe-salon-go-xoan-dao-cham-chu-phuc-loc-tho-dep-gia-re.jpg',10,_binary '\0',1,1,'SALON02','2023-09-05 16:18:19','2023-09-05 16:18:19'),(3,'Bộ Sofa Gỗ Căm Xe Màu Tự Nhiên Kiểu Đối 5 Món',43500000,'Chất liệu: Gỗ Căm Xe.\n-Kích thước chi tiết:\n-Trọn bộ: Dài 181 x Rộng 226cm.\n-Băng dài phủ bì: 181 x 61cm.\n-Băng dài lọt lòng: 164 x 52cm.\n-Cao mặt ghế: 41cm.\n-Ghế đơn phủ bì: 75 x 61cm.\n-Ghế đơn lọt lòng: 56 x 53cm.\n-Cao mặt ghế: 41cm.\n-Bàn: 125 x 65 x cao 54cm.-Tình trạng: Hàng mới 100%.\n-Thời gian giao hàng: Đặt hàng 7 đến 10 ngày.\n-Lưu ý: Giá trên chưa bao gồm nệm và kệ tivi.',NULL,NULL,'https://noithatdogoviet.com/upload/sanpham/large/bo-sofa-go-cam-xe-mau-tu-nhien-kieu-doi-5-mon-dep-gia-re.jpg',9,_binary '\0',1,1,'SALON03','2023-09-05 16:19:40','2023-09-05 16:19:40'),(4,'Bộ Bàn Ghế Sofa Đối 5 Món Gỗ Căm Xe Cho Căn Hộ',37500000,'Chất liệu: Gỗ Căm Xe.-Kích thước chi tiết:\n                     -Trọn bộ: Dài 181 x Rộng 226cm.\n                     -Băng dài phủ bì: 181 x 61cm.\n                     -Băng dài lọt lòng: 164 x 52cm.\n                     -Cao mặt ghế: 41cm.\n                     -Ghế đơn phủ bì: 75 x 61cm.\n                     -Ghế đơn lọt lòng: 56 x 53cm.\n                     -Cao mặt ghế: 41cm.\n                     -Bàn: 125 x 65 x cao 54cm.\n-Tình trạng: Hàng mới 100%.\n-Thời gian giao hàng: Đặt hàng 7 đến 10 ngày.\n-Lưu ý: Giá trên chưa bao gồm nệm.',NULL,NULL,'https://noithatdogoviet.com/upload/sanpham/large/bo-ban-ghe-sofa-doi-5-mon-go-cam-xe-cho-can-ho-nho-dep.jpg',9,_binary '\0',1,1,'SALON04','2023-09-05 16:24:25','2023-09-05 16:24:25'),(5,'Bàn Ghế Salon Phòng Khách Tay 14 Khuỳnh Rồng 12 Món Gỗ Hương Đỏ',188000000,'Chất liệu: Gỗ Hương Đỏ 100%. -Trọn bộ 12 món gồm: - 1 băng ghế dài,- 4 ghế đơn,- 1 bàn trà,- 2 ghế đôn cao,- 2 ghế đôn thấp,- 2 kệ hông. -Hoạ tiết Nghê làm chủ đạo\n-Dành riêng cho phòng khách biệt thự-Tình trạng: Hàng mới 100%\n',NULL,NULL,'https://noithatdogoviet.com/upload/sanpham/large/bo-salon-cham-nghe-tinh-xao-tay-14-go-huong-gia-lai-12-mon-dep.jpg',10,_binary '\0',1,1,'SALON05','2023-09-05 16:30:07','2023-09-05 16:30:07'),(6,'Mẫu Tủ Rượu Đẹp Bằng Gỗ Hương Đá Tự Nhiên',15490000,'Chất liệu: Gỗ hương đá.-2 hộc tủ dưới kích thước 100 x 40cm -Có ray trượt giúp thao tác đóng mở tiện lợi -Chứa được từ 15 – 20 chai rượu các loại \n-Tình trạng: Hàng mới 100%.\n',NULL,NULL,'https://noithatdogoviet.com/upload/sanpham/large/mau-tu-ruou-dep-bang-go-huong-da-tu-nhien-dep-gia-re.jpg',9,_binary '\0',2,1,'TURUOU01','2023-09-05 16:39:42','2023-09-05 16:39:42'),(7,'Tủ Rượu Gỗ Gõ Đỏ Cao Cấp Cong',24490000,'Chất liệu: Gỗ Gõ Đỏ 100%. -Kiểu dáng cổ điển, mẫu mã đẹp -2 tầng với phần mặt trước lớn -2 vai bo cong đều theo chiều dài -Tầng trên tủ gồm 3 tầng nhỏ -Kích thước: 180 x 200 x 47 (cm) -Màu sắc tự nhiên -Đỉnh tủ họa tiết hoa lá uốn cong cách điệu -Mặt trước họa tiết hoa lan tây nở -Mặt cánh hoa văn đối xứng -Mặt gương tủ loại lớn\n-Tình trạng: Hàng mới 100%\n',NULL,NULL,'https://noithatdogoviet.com/upload/sanpham/large/tu-ruou-go-go-do-cao-cap-cong-dep-gia-tot.jpg',9,_binary '\0',2,1,'TURUOU02','2023-09-05 16:47:49','2023-09-05 16:47:49'),(8,'Tủ Rượu Góc Gỗ Sồi Nga Màu Nâu Cho Phòng Khách',5990000,'Chất liệu: Gỗ Sồi Nga -Kích thước: 90 x 20 x 50 (cm) -Thiết kế kiểu 3 mặt hiện đại đảm bảo tính thẩm mỹ  -Màu sắc: óc chó -1 tầng có thùng & kệ để đồ, -1 tầng để trưng bày rượu -Tầng trên tủ chia thành 3 tầng kệ, -Dùng để trưng bày tất cả các loại rượu -Tầng dưới tủ gồm 2 ngăn mở 1 hộc kéo\n-Tình trạng: Hàng mới 100%',NULL,NULL,'https://noithatdogoviet.com/upload/sanpham/large/tu-ruou-goc-go-soi-nga-mau-nau-cho-phong-khach-nho-dep-gia-re.jpg',10,_binary '\0',2,1,'TURUOU03','2023-09-05 16:51:12','2023-09-05 16:51:17'),(9,'Tủ Trưng Rượu 6 Cánh Đa Tầng Khung Cánh Kính Cao Cấp',16660000,'Chất liệu: MDF lõi xanh chống ẩm -Phủ Melamine chống trầy. -Kích thước: 180 x 280 x 30 -Màu sắc: Cánh gián\n-Tình trạng: Hàng mới 100%.\n-Thời gian giao hàng: Đặt hàng 7 đến 10 ngày.','2023-09-05 23:55:00',NULL,'https://noithatdogoviet.com/upload/sanpham/large/tu-trung-ruou-6-canh-da-tang-khung-canh-kinh-cao-cap-gia-re.jpg',10,_binary '\0',2,1,'TURUOU04','2023-09-05 16:57:16','2023-09-05 16:57:16'),(10,'Tủ Rượu Gỗ MDF Phòng Khách Hiện Đại Màu Trắng',7616000,'Chất liệu: MDF lõi xanh chống ẩm -Phủ Melamine chống trầy. -Kích thước: 180 x 200 x 30 -Màu sắc: Đen\n-Tình trạng: Hàng mới 100%.\n-Thời gian giao hàng: Đặt hàng 7 đến 10 ngày.',NULL,NULL,'https://noithatdogoviet.com/upload/sanpham/large/tu-ruou-go-mdf-phong-khach-hien-dai-mau-trang-ben-dep.jpg',6,_binary '\0',2,1,'TURUOU05','2023-09-05 17:00:17','2023-09-05 17:00:17'),(11,'Tủ Rượu Phòng Khách Kết Hợp Làm Vách Ngăn Căn Hộ',5750000,'Chất liệu: MDF lõi xanh chống ẩm -Phủ Melamine chống trầy. -Kích thước: 180 x 200 x 30 -Màu sắc: Đen\n-Tình trạng: Hàng mới 100%.\n-Thời gian giao hàng: Đặt hàng 7 đến 10 ngày.','2023-09-06 00:03:39',NULL,'https://noithatdogoviet.com/upload/sanpham/large/tu-ruou-phong-khach-ket-hop-lam-vach-ngan-can-ho-dep.jpg',13,_binary '\0',2,1,'TURUOU06','2023-09-05 17:04:23','2023-09-05 17:04:23'),(12,'Tủ Kệ Tivi Gỗ Hương Đá Vòm Hiện Đại',6090000,'Chất liệu: Gỗ Hương Đá. -Thiết kế cổ điển -Màu sắc tự nhiên -Kích thước: 80 x 200 x 60\n-Tình trạng: Hàng mới 100%\n-Trạng thái: Còn hàng.',NULL,NULL,'https://noithatdogoviet.com/upload/sanpham/large/tu-ke-tivi-go-huong-da-vom-hien-dai-dep-gia-re.jpg',12,_binary '\0',3,1,'KETIVI01','2023-09-05 17:08:28','2023-09-05 17:08:28'),(13,'Kệ Để Tivi Gỗ Xoan Kiểu Nhật Hiện Đại',3990000,'Chất liệu: Gỗ Xoan Đào. -Thiết kế cổ điển -Màu sắc tự nhiên -Kích thước: 80 x 200 x 60\n-Tình trạng: Hàng mới 100%\n-Trạng thái: Còn hàng.',NULL,NULL,'https://noithatdogoviet.com/upload/sanpham/large/ke-de-tivi-go-xoan-kieu-nhat-hien-dai-dep-moi-2.jpg',9,_binary '\0',3,1,'KETIVI02','2023-09-05 17:11:58','2023-09-05 17:11:58'),(14,'Kệ Tủ Tivi Kết Hợp Tủ Rượu Và Bàn Thờ Gỗ Sồi Nga',15490000,'Chất liệu: Gỗ Sồi Nga. -Thiết kế cổ điển -Màu sắc tự nhiên -Kích thước: 80 x 200 x 60\n-Tình trạng: Hàng mới 100%\n-Trạng thái: Còn hàng.',NULL,NULL,'https://noithatdogoviet.com/upload/sanpham/large/ke-tu-tivi-ket-hop-tu-ruou-va-ban-tho-go-soi-nga-dep-ben-sang.jpg',2,_binary '\0',3,1,'KETIVI03','2023-09-06 01:06:30','2023-09-06 01:06:30'),(15,'Bộ Tủ Kệ Tivi Kết Hợp Tủ Rượu Phòng Khách Gỗ Sồi Nga',15490000,'Chất liệu: Gỗ Sồi Nga. -Thiết kế cổ điển -Màu sắc tự nhiên -Kích thước: 80 x 200 x 60\n-Tình trạng: Hàng mới 100%\n-Trạng thái: Còn hàng.',NULL,NULL,'https://noithatdogoviet.com/upload/sanpham/large/bo-tu-ke-tivi-ket-hop-tu-ruou-phong-khach-go-soi-nga-dep-sang-re.jpg',2,_binary '\0',3,1,'KETIVI04','2023-09-06 01:09:02','2023-09-06 01:09:02'),(16,'Kệ Tủ Tivi Cao Cấp Phối Màu Vân Sồi Tự Nhiên',12590000,'Chất liệu: MDF lõi xanh chống ẩm -Phủ Melamine chống trầy. -Thiết kế cổ điển -Màu sắc tự nhiên -Kích thước: 80 x 200 x 60\n-Tình trạng: Hàng mới 100%.\n-Thời gian giao hàng: Đặt hàng 7 đến 10 ngày.',NULL,NULL,'https://noithatdogoviet.com/upload/sanpham/large/ke-tu-tivi-cao-cap-phoi-mau-van-soi-tu-nhien-dep-gia-tot.jpg',2,_binary '\0',3,1,'KETIVI05','2023-09-06 01:11:06','2023-09-06 01:11:06'),(17,'Kệ Đựng Tivi Gỗ Công Nghiệp MDF Màu Nâu Hiện Đại Sang Trọng',5590000,'Chất liệu: MDF lõi xanh chống ẩm -Phủ Melamine chống trầy. -Thiết kế cổ điển -Màu sắc tự nhiên -Kích thước: 80 x 200 x 60\n-Tình trạng: Hàng mới 100%.\n-Thời gian giao hàng: Đặt hàng 7 đến 10 ngày.',NULL,NULL,'https://noithatdogoviet.com/upload/sanpham/large/ke-dung-tivi-go-cong-nghiep-mdf-mau-oc-cho-hien-dai-sang-trong.jpg',3,_binary '\0',3,1,'KETIVI06','2023-09-06 01:12:26','2023-09-06 01:12:26'),(18,'Tủ Bếp Gỗ Gõ Đỏ Hiện Đại Hình Chữ L Màu Tự Nhiên',6950000,'Chất liệu: Gỗ gõ đỏ. -Thiết kế cổ điển -Màu sắc tự nhiên -Kích thước: 75 x 300 x 65\n-Tình trạng: Hàng thi công',NULL,NULL,'https://noithatdogoviet.com/upload/sanpham/large/tu-bep-go-go-do-hien-dai-hinh-chu-l-mau-tu-nhien-dep-gia-re.jpg',12,_binary '\0',4,2,'TUBEP01','2023-09-06 01:18:50','2023-09-06 01:18:50'),(19,'Tủ Bếp Thẳng Phong Cách Cổ Điển Châu Âu Gỗ Gõ Đỏ',7950000,'Chất liệu: Gỗ gõ đỏ. -Thiết kế cổ điển -Màu sắc tự nhiên -Kích thước: 75 x 300 x 65\n-Tình trạng: Hàng thi công',NULL,NULL,'https://noithatdogoviet.com/upload/sanpham/large/tu-bep-thang-phong-cach-co-dien-chau-au-go-go-do-dep-gia-re.jpg',13,_binary '\0',4,2,'TUBEP02','2023-09-06 01:20:48','2023-09-06 01:20:48'),(20,'Tủ Bếp Gỗ Sồi Mỹ Tự Nhiên Mẫu Hiện Đại',4750000,'Chất liệu: Gỗ sồi Mỹ -Thiết kế cổ điển -Màu sắc tự nhiên -Kích thước: 75 x 300 x 65\n                     -Tình trạng: Hàng thi công\n',NULL,NULL,'https://noithatdogoviet.com/upload/sanpham/large/tu-bep-go-soi-my-tu-nhien-mau-hien-dai-dep-ben-gia-tot.jpg',14,_binary '\0',4,2,'TUBEP03','2023-09-06 01:23:02','2023-09-06 01:23:02'),(21,'Tủ Kệ Bếp Kiểu Chữ U',4590000,'Chất liệu: Gỗ sồi. -Thiết kế cổ điển -Màu sắc tự nhiên -Kích thước: 75 x 300 x 65\n                  -Tình trạng: Hàng thi công',NULL,NULL,'https://noithatdogoviet.com/upload/sanpham/large/tu-ke-bep-kieu-chu-u-co-ke-de-ruou-hien-dai-cho-can-ho-dep.jpg',3,_binary '\0',4,2,'TUBEP04','2023-09-06 01:24:37','2023-09-06 01:24:37'),(22,'Tủ Bếp Kiểu Chữ I Phong Cách Tân Cổ Điển Gỗ Xoan Đào',4250000,'Chất liệu: Gỗ xoan đào. -Thiết kế cổ điển -Màu sắc tự nhiên -Kích thước: 75 x 300 x 65\n                        -Tình trạng: Hàng thi công\n',NULL,NULL,'https://noithatdogoviet.com/upload/sanpham/large/tu-bep-kieu-chu-i-phong-cach-tan-co-dien-go-xoan-dao-ben-dep-re.jpg',3,_binary '\0',4,2,'TUBEP05','2023-09-06 01:26:45','2023-09-06 01:26:45'),(23,'Mẫu Tủ Bếp Cổ Điển Sang Trọng Cho Nhà Phố Gỗ Gõ Đỏ',8590000,'Chất liệu: Gỗ gõ đỏ. -Thiết kế cổ điển -Màu sắc tự nhiên -Kích thước: 75 x 300 x 65\n-Tình trạng: Hàng thi công',NULL,NULL,'https://noithatdogoviet.com/upload/sanpham/large/mau-tu-bep-co-dien-sang-trong-cho-nha-pho-go-go-do-dep-ben.jpg',6,_binary '\0',4,2,'TUBEP06','2023-09-06 01:28:22','2023-09-06 01:28:22'),(24,'Bộ Bàn Ăn 6 Ghế Gỗ Căm Xe Tự Nhiên Hiện Đại',25590000,'Chất liệu: Gỗ căm xe.-Kích thước bàn: 60 x 200 x 90 -Kích thước ghê: 120 x 50 x 50 -Gỗ có độ cứng cao, chịu nhiệt tốt -Thiết kế theo kiểu hình chữ nhật -Mặt bàn kiểu pano được ghép từ 2 tấm  -Hạn chế tình trạng nứt viền, nứt cạnh\n-Tình trạng: Hàng mới 100%\n-Trạng thái: Còn hàng.',NULL,NULL,'https://noithatdogoviet.com/upload/sanpham/large/bo-ban-an-6-ghe-go-cam-xe-tu-nhien-hien-dai-ben-dep-gia-re.jpg',5,_binary '\0',5,2,'BOBANAN01','2023-09-06 01:32:13','2023-09-06 01:32:13'),(25,'Bộ Bàn Ăn Tròn Gỗ Gõ Đỏ Nguyên Khối 6 Ghế Mặt Bàn Dày 9cm',29500000,'Chất liệu: Gỗ gõ đỏ. -Thiết kế cổ điển -Màu sắc tự nhiên -Kích thước: 75 x 300 x 65\n-Tình trạng: Hàng thi công',NULL,NULL,'https://noithatdogoviet.com/upload/sanpham/large/bo-ban-an-tron-go-go-do-nguyen-khoi-cham-hoa-6-ghe-ben-dep-re.jpg',5,_binary '\0',5,2,'BOBANAN02','2023-09-06 01:34:29','2023-09-06 01:34:29'),(26,'Bàn Ăn Gỗ Sồi Hiện Đại Màu Nâu Đen 1m6 6 Ghế',9590000,'Chất liệu: Gỗ Sồi Nga.-Gồm:1 bàn ăn + 6 ghế ngồi + kính mặt bàn -Thiết kế theo phong cách hiện đại -Kiểu oval với 2 phần đầu bàn làm hình bán nguyệt -Chân bàn gồm 2 trụ chân lớn -Ghế ngồi cao 45cm, lưng ghế cao 55cm -Lưng ghế nghiêng góc 85* tạo cảm giác thoải mái -Độ bền cao, khả năng chịu lực và nhiệt độ tốt -Được sơn 1 lớp sơn PU giúp sản phẩm bóng và sáng\n-Tình trạng: Hàng mới 100%\nTrạng thái: Còn hàng',NULL,NULL,'https://noithatdogoviet.com/upload/sanpham/large/ban-an-go-soi-hien-dai-mau-nau-den-1m6-6-ghe-dep-moi-2022.jpg',2,_binary '\0',5,2,'BOBANAN03','2023-09-06 01:36:26','2023-09-06 01:36:26'),(27,'Bộ Bàn Ăn Xếp Gọn 4 Ghế Gỗ Tự Nhiên Màu Nâu',6590000,'Chất liệu: Gỗ Sồi Nga Tự Nhiên.\n-Kích thước chi tiết:\n-Nguyên bộ khi xếp gọn: Ngang 40 x Dọc 90 x Cao 76cm.\n-Bàn khi mở ra: Ngang 120 x Dọc 90 x Cao 76cm.\n-Ghế khi mở ra: Ngang 50 x Cao 43/70 x Sâu 45cm.\n-Tình trạng: Hàng mới 100%\n-Trạng thái: Còn hàng.',NULL,NULL,'https://noithatdogoviet.com/upload/sanpham/large/bo-ban-an-xep-gon-4-ghe-go-tu-nhien-mau-nau-dep-gia-re.jpg',4,_binary '\0',5,2,'BOBANAN04','2023-09-06 01:39:21','2023-09-06 01:39:21'),(28,'Bộ Bàn Ăn Oval Gỗ Sồi Nga Tự Nhiên 1m6 6 Ghế',7590000,'Chất liệu: Gỗ Sồi Nga.-Gồm:1 bàn ăn + 6 ghế ngồi + kính mặt bàn -Thiết kế theo phong cách hiện đại -Kiểu oval với 2 phần đầu bàn làm hình bán nguyệt -Chân bàn gồm 2 trụ chân lớn -Ghế ngồi cao 45cm',NULL,NULL,'https://noithatdogoviet.com/upload/sanpham/large/bo-ban-an-oval-go-soi-nga-tu-nhien-1m6-6-ghe-dep-gia-re.jpg',2,_binary '\0',5,2,'BOBANAN05','2023-09-06 01:41:41','2023-09-06 01:41:41'),(29,'Tủ Chạn Bếp Để Chén Bát Vật Dụng Nhà Bếp Mẫu Mới',6950000,'Chất liệu gỗ công nghiệp -Kích thước: 180 x 200 x 40 -Màu sắc:tự nhiên -Tình trạng: Hàng mới 100%',NULL,NULL,'https://noithatdogoviet.com/upload/sanpham/large/tu-chan-bep-de-chen-bat-vat-dung-nha-bep-mau-moi-dep-re.jpg',5,_binary '\0',6,2,'KECHEN01','2023-09-06 01:46:54','2023-09-06 01:46:54'),(30,'Tủ Đựng Đồ Phòng Bếp Đa Chức Năng',7300000,'Chất liệu gỗ công nghiệp -Kích thước: 180 x 200 x 40 -Màu sắc:tự nhiên -Tình trạng: Hàng mới 100%',NULL,NULL,'https://noithatdogoviet.com/upload/sanpham/large/tu-dung-do-phong-bep-da-chuc-nang-tien-loi-hien-dai.jpg',3,_binary '\0',6,2,'KECHEN02','2023-09-06 01:49:22','2023-09-06 01:49:22'),(31,'Tủ Rượu Kết Hợp Tủ Chén Bát Gỗ Công Nghiệp Màu Sồi',3980000,'Chất liệu: MDF lõi xanh chống ẩm -Phủ Melamine chống trầy.\n-Tình trạng: Hàng mới 100%.\n-Thời gian giao hàng: Đặt hàng 7 đến 10 ngày.',NULL,NULL,'https://noithatdogoviet.com/upload/sanpham/large/tu-ruou-ket-hop-tu-chen-bat-go-cong-nghiep-mau-soi-dep.jpg',1,_binary '\0',6,2,'KECHEN03','2023-09-06 01:50:47','2023-09-06 01:50:47'),(32,'Tủ Để Chén Bát Kết Hợp Để Rượu Phòng Bếp Gỗ MDF',9072000,'Chất liệu: MDF lõi xanh chống ẩm -Phủ Melamine chống trầy.\n-Tình trạng: Hàng mới 100%.\n-Thời gian giao hàng: Đặt hàng 7 đến 10 ngày.',NULL,NULL,'https://noithatdogoviet.com/upload/sanpham/large/tu-de-chen-bat-ket-hop-de-ruou-phong-bep-go-mdf-mau-cao.jpg',2,_binary '\0',6,2,'KECHEN04','2023-09-06 01:52:31','2023-09-06 01:52:31'),(33,'Tủ Áo 4 Cánh Cỡ Lớn Có Kệ Trang Trí Bên Hông',35750000,'Chất liệu: Gỗ Căm Xe. -Thiết kế hiện đại -Phong canh mới -Kích thước: 200 x 200 x 60 -Màu sắc: tụ nhiên\n-Tình trạng: Hàng mới 100%.\n-Thời gian giao hàng: Đặt hàng 7 đến 10 ngày.',NULL,NULL,'https://noithatdogoviet.com/upload/sanpham/large/tu-ao-4-canh-co-lon-co-ke-trang-tri-ben-hong-dep-gia-tot.jpg',2,_binary '\0',7,3,'TUAOQUAN01','2023-09-06 01:55:56','2023-09-06 01:55:56'),(34,'Tủ Cất Quần Áo Gỗ Sồi 3 Cánh Mở 2 Buồng Pano Chạm',7950000,'Chất liệu: Gỗ Tự Nhiên Sồi Nga.-Thiết kế hiện đại -Phong canh mới -Kích thước: 200 x 200 x 60 -Màu sắc: tụ nhiên\n                               -Tình trạng: Hàng mới 100%.\n-Trạng thái: Còn hàng',NULL,NULL,'https://noithatdogoviet.com/upload/sanpham/large/tu-cat-quan-ao-go-soi-3-canh-mo-2-buong-pano-cham-dep-gia-re.jpg',1,_binary '\0',7,3,'TUAOQUAN02','2023-09-06 01:57:35','2023-09-06 01:57:35'),(35,'Tủ Áo Quần Gỗ Sồi Tự Nhiên Màu Óc Chó 4 Cánh',10490000,'Chất liệu: Gỗ Tự Nhiên Sồi Nga.-Thiết kế hiện đại -Phong canh mới -Kích thước: 200 x 200 x 60 -Màu sắc: tụ nhiên\n                               -Tình trạng: Hàng mới 100%.\n-Trạng thái: Còn hàng',NULL,NULL,'https://noithatdogoviet.com/upload/sanpham/large/tu-ao-quan-go-soi-tu-nhien-mau-oc-cho-4-canh-ben-dep-gia-re.jpg',5,_binary '\0',7,3,'TUAOQUAN03','2023-09-06 02:01:52','2023-09-06 02:01:52'),(36,'Tủ Quần Áo Cửa Lùa Gỗ Tự Nhiên Kèm Kệ Trang Trí Màu Sồ',12320000,'Chất liệu: Gỗ tự nhiên veneer sồi.-Thiết kế hiện đại -Phong canh mới -Kích thước: 200 x 200 x 60 -Màu sắc: tụ nhiên\n                                  -Tình trạng: Hàng mới 100%.\n-Thời gian giao hàng: Đặt hàng 7 đến 10 ngày.',NULL,NULL,'https://noithatdogoviet.com/upload/sanpham/large/tu-quan-ao-cua-lua-go-tu-nhien-kem-ke-trang-tri-mau-soi-hien-dai.jpg',0,_binary '\0',7,3,'TUAOQUAN04','2023-09-06 02:03:54','2023-09-06 02:03:54'),(37,'Tủ Quần Áo Vân Sồi 4 Cánh Lớn Kèm Kệ Kệ Nóc',21759000,'Chất liệu: Gỗ tự nhiên veneer sồi.-Thiết kế hiện đại -Phong canh mới -Kích thước: 200 x 200 x 60 -Màu sắc: tụ nhiên\n                                                                    -Tình trạng: Hàng mới 100%.\n                                  -Thời gian giao hàng: Đặt hàng 7 đến 10 ngày.',NULL,NULL,'https://noithatdogoviet.com/upload/sanpham/large/tu-quan-ao-go-soi-4-canh-lon-kem-ke-ke-noc-hien-dai.jpg',2,_binary '\0',7,3,'TUAOQUAN05','2023-09-06 02:05:15','2023-09-06 02:05:15'),(38,'Giường Ngủ Gỗ Hương Đá Cao Cấp Vạt Phản Nguyên Tấm',27150000,'Chất liệu: Gỗ Hương Đá.-Thiết kế hiện đại -Phong canh mới -Kích thước: 200 x 200 x 60 -Màu sắc: tụ nhiên\n                                                         -Tình trạng: Hàng mới 100%.\n                       -Thời gian giao hàng: Đặt hàng 7 đến 10 ngày.',NULL,NULL,'https://noithatdogoviet.com/upload/sanpham/large/giuong-ngu-go-huong-da-cao-cap-vat-phan-nguyen-tam.jpg',2,_binary '\0',8,3,'GIUONG01','2023-09-06 02:07:08','2023-09-06 02:07:08'),(39,'Giường Ngủ Gỗ Hương Đá Cổ Điển Chạm Trổ Tinh Xảo',22150000,'Chất liệu: Gỗ Hương Đá.-Thiết kế hiện đại -Phong canh mới -Kích thước: 200 x 200 x 60 -Màu sắc: tụ nhiên\n                                                         -Tình trạng: Hàng mới 100%.\n                       -Thời gian giao hàng: Đặt hàng 7 đến 10 ngày.',NULL,NULL,'https://noithatdogoviet.com/upload/sanpham/large/giuong-ngu-go-huong-da-co-dien-cham-tro-tinh-xao.jpg',2,_binary '\0',8,3,'GIUONG02','2023-09-06 02:08:42','2023-09-06 02:08:42'),(40,'Giường Ngủ Gỗ Tự Nhiên Cao Cấp Chạm Kiểu Hoàng Gia',16250000,'Chất liệu: Gỗ Xoan Đào.-Thiết kế hiện đại -Phong canh mới -Kích thước: 200 x 200 x 60 -Màu sắc: tụ nhiên\n                                                         -Tình trạng: Hàng mới 100%.\n                       -Thời gian giao hàng: Đặt hàng 7 đến 10 ngày.\n',NULL,NULL,'https://noithatdogoviet.com/upload/sanpham/large/giuong-ngu-go-tu-nhien-cao-cap-cham-kieu-hoang-gia-dang-cap.jpg',2,_binary '\0',8,3,'GIUONG03','2023-09-06 02:10:22','2023-09-06 02:10:22'),(41,'Giường Ngủ Cao Cấp Có Hộc Kéo Hông',9150000,'Chất liệu: Gỗ Cẩm.-Thiết kế hiện đại -Phong canh mới -Kích thước: 200 x 200 x 60 -Màu sắc: tụ nhiên\n                                                    -Tình trạng: Hàng mới 100%.\n                  -Thời gian giao hàng: Đặt hàng 7 đến 10 ngày.',NULL,NULL,'https://noithatdogoviet.com/upload/sanpham/large/giuong-ngu-cao-cap-co-hoc-keo-hong-da-cong-nang.jpg',2,_binary '\0',8,3,'GIUONG04','2023-09-06 02:12:12','2023-09-06 02:12:12'),(42,'Giường Ngủ Gỗ Gõ Đỏ 100% Chạm Bông Hồng',21650000,'Chất liệu: Khung giường gỗ Gõ Đỏ 100%, -Dạt giường tùy chọn.\n-Thiết kế hiện đại -Phong canh mới -Kích thước: 200 x 200 x 60 -Màu sắc: tụ nhiên\n                                  -Tình trạng: Hàng mới 100%.\n-Thời gian giao hàng: Đặt hàng 7 đến 10 ngày.',NULL,NULL,'https://noithatdogoviet.com/upload/sanpham/large/giuong-ngu-go-go-do-100-cham-bong-hong-dep-cao-cap.jpg',3,_binary '\0',8,3,'GIUONG05','2023-09-06 02:13:19','2023-09-06 02:13:19'),(43,'Bàn Trang Điểm Gỗ Hương Đá Oval Thiên Nga',5390000,'Chất liệu: Gỗ Hương Đá.-Thiết kế hiện đại -Phong canh mới -Kích thước: 200 x 200 x 60 -Màu sắc: tụ nhiên\n                                                         -Tình trạng: Hàng mới 100%.\n                       -Thời gian giao hàng: Đặt hàng 7 đến 10 ngày.',NULL,NULL,'https://noithatdogoviet.com/upload/sanpham/large/ban-trang-diem-go-huong-da-oval-thien-nga-dep-gia-re.jpg',3,_binary '\0',9,3,'BANPHAN01','2023-09-06 02:15:22','2023-09-06 02:15:22'),(44,'Bàn Trang Điểm Gỗ Hương Đá 2 Thùng Kính Tròn Vỏ Sò',5290000,'Chất liệu: Gỗ Hương Đá.-Thiết kế hiện đại -Phong canh mới -Kích thước: 200 x 200 x 60 -Màu sắc: tụ nhiên\n                                                         -Tình trạng: Hàng mới 100%.\n                       -Thời gian giao hàng: Đặt hàng 7 đến 10 ngày.',NULL,NULL,'https://noithatdogoviet.com/upload/sanpham/large/ban-trang-diem-go-huong-da-2-thung-kinh-tron-vo-so-dep-gia-re.jpg',2,_binary '\0',9,3,'BANPHAN02','2023-09-06 02:16:39','2023-09-06 02:16:39'),(45,'Bàn Trang Điểm 2 Thùng Gỗ Hương Đá',5490000,'Chất liệu: Gỗ Hương Đá.-Thiết kế hiện đại -Phong canh mới -Kích thước: 200 x 200 x 60 -Màu sắc: tụ nhiên\n                                                         -Tình trạng: Hàng mới 100%.\n                       -Thời gian giao hàng: Đặt hàng 7 đến 10 ngày.',NULL,NULL,'https://noithatdogoviet.com/upload/sanpham/large/ban-trang-diem-2-thung-go-huong-da-cao-cap.jpg',3,_binary '\0',9,3,'BANPHAN03','2023-09-06 02:17:49','2023-09-06 02:17:49'),(46,'Bàn Trang Điểm Hương Đá Kính Oval 2 Thùng Có Kệ',5690000,'Chất liệu: Gỗ Hương Đá.-Thiết kế hiện đại -Phong canh mới -Kích thước: 200 x 200 x 60 -Màu sắc: tụ nhiên\n                                                         -Tình trạng: Hàng mới 100%.\n                       -Thời gian giao hàng: Đặt hàng 7 đến 10 ngày.\n',NULL,NULL,'https://noithatdogoviet.com/upload/sanpham/large/ban-trang-diem-huong-da-kinh-oval-2-thung-co-ke-dep-gia-tot.jpg',3,_binary '\0',9,3,'BANPHAN04','2023-09-06 02:20:09','2023-09-06 02:20:09'),(47,'Bàn Làm Việc Nhỏ Gỗ Sồi Nga 1m2',4790000,'Kích thước 1m2 . -Được làm với kích thước nhỏ gọn -Diện tích bề mặt rộng rãi -Tối ưu diện tích trang trí & sắp xếp đồ dùng. -Chất liệu gỗ sồi Nga bền bỉ, -Có độ cứng cao, tuổi thọ lâu dài, -Ít bị hỏng hóc, cong vênh. -Tối ưu chi phí mua sắm và bảo dưỡng.',NULL,NULL,'https://noithatdogoviet.com/upload/sanpham/large/ban-lam-viec-nho-go-soi-nga-1m2-gia-re-binh-dan.jpg',30,_binary '\0',10,4,'BANLAMVIEC01','2023-09-21 15:08:51','2023-09-21 15:08:51'),(48,'Bàn Làm Việc Gỗ MDF Lõi Xanh Hiện Đại Có 1 Hộc Tủ Màu Xám',4500000,'Kích thước 120 X 75 X 60 . -Được làm với kích thước nhỏ gọn -Diện tích bề mặt rộng rãi -Tối ưu diện tích trang trí & sắp xếp đồ dùng. -Chất liệu gỗ MDF Lõi xanh hiện đại, -Có độ cứng cao, tuổi thọ lâu dài, -Ít bị hỏng hóc, cong vênh. -Tối ưu chi phí mua sắm và bảo dưỡng.',NULL,NULL,'https://noithatdogoviet.com/upload/sanpham/large/ban-lam-viec-go-mdf-loi-xanh-hien-dai-co-1-hoc-tu-mau-xam-dep-re.jpg',15,_binary '\0',10,4,'BANLAMVIEC02','2023-09-21 15:15:35','2023-09-21 15:15:35'),(49,'Bàn Làm Việc Máy Tính Tại Nhà Hiện Đại Gỗ MDF Lõi Xanh',2590000,'Kích thước 120 X 75 X 60 . -Được làm với kích thước nhỏ gọn -Diện tích bề mặt rộng rãi -Tối ưu diện tích trang trí & sắp xếp đồ dùng. -Chất liệu gỗ MDF Lõi xanh hiện đại, -Có độ cứng cao, tuổi thọ lâu dài, -Ít bị hỏng hóc, cong vênh. -Tối ưu chi phí mua sắm và bảo dưỡng.',NULL,NULL,'https://noithatdogoviet.com/upload/sanpham/large/ban-lam-viec-may-tinh-tai-nha-hien-dai-go-mdf-loi-xanh-dep-re.jpg',35,_binary '\0',10,4,'BANLAMVIEC03','2023-09-21 15:18:26','2023-09-21 15:18:26'),(50,'Bàn Làm Việc Văn Phòng Hiện Đại Gỗ MDF Lõi Xanh Mẫu Mới',2790000,'Kích thước 120 X 75 X 60 . -Được làm với kích thước nhỏ gọn -Diện tích bề mặt rộng rãi -Tối ưu diện tích trang trí & sắp xếp đồ dùng. -Chất liệu gỗ MDF Lõi xanh hiện đại, -Có độ cứng cao, tuổi thọ lâu dài, -Ít bị hỏng hóc, cong vênh. -Tối ưu chi phí mua sắm và bảo dưỡng.',NULL,NULL,'https://noithatdogoviet.com/upload/sanpham/large/ban-lam-viec-van-phong-hien-dai-go-mdf-loi-xanh-mau-moi-dep.jpg',20,_binary '\0',10,4,'BANLAMVIEC04','2023-09-21 15:21:31','2023-09-21 15:21:31'),(51,'Ghế Xoay Tựa lưng Văn Phòng Cao Cấp',2475000,'Chất liệu sơn inox lĩnh điện -Màu sắc:đen -Có tựa đầu, nâng hạ -Thiết kế theo tiêu chuẩn cong thái học -Giúm giảm đau lưng, cong cột sống',NULL,NULL,'https://noithatdogoviet.com/upload/sanpham/large/ghe-xoay-tua-lung-van-phong-cao-cap-gia-re-canh-tranh.jpg',300,_binary '\0',11,4,'GHEVANPHONG01','2023-09-21 15:25:11','2023-09-21 15:25:11'),(52,'Ghế Lưới Văn Phòng Kiểu Chân Quỳ Hiện Đại',450000,'Chất liệu sơn nhựa -Màu sắc:đen  -Thiết kế theo tiêu chuẩn cong thái học -Giúm giảm đau lưng, cong cột sống',NULL,NULL,'https://noithatdogoviet.com/upload/sanpham/large/ghe-luoi-van-phong-kieu-chan-quy-hien-dai.jpg',250,_binary '\0',11,4,'GHEVANPHONG02','2023-09-21 15:27:11','2023-09-21 15:27:11'),(53,'Ghế Xoay Đa Năng Văn Phòng Giá Rẻ',1020000,'Chất liệu sơn inox lĩnh điện -Màu sắc:trắng -Có tựa đầu, nâng hạ -Thiết kế theo tiêu chuẩn cong thái học -Giúm giảm đau lưng, cong cột sống',NULL,NULL,'https://noithatdogoviet.com/upload/sanpham/large/ghe-xoay-da-nang-van-phong-gia-re.jpg',60,_binary '\0',11,4,'GHEVANPHONG03','2023-09-21 15:48:00','2023-09-21 15:48:00'),(54,'Tủ Hồ Sơ 2 Tầng Cánh Kính Mờ Trong Suốt Diện Tích Rộng Rãi',10250000,'Chất liệu gỗ xồi tự nhiên -Thiết kế tối giản -2 tằng chính: -Tầng trên mặt kính đựng hồ sơ -Tầng dưới cửa gỗ -Kích thước: 200 x 160 x 47 -Màu sắc tự nhiên',NULL,NULL,'https://noithatdogoviet.com/upload/sanpham/large/tu-ho-so-2-tang-canh-kinh-mo-trong-suot-dien-tich-rong-rai.jpg',41,_binary '\0',12,4,'TUVANPHONG01','2023-09-21 15:52:36','2023-09-21 15:52:36'),(55,'Tủ Để Sách Cửa Kính Phòng Làm Việc Màu Sồi Gỗ Tự Nhiên Mẫu Mới Đẹp',6290000,'Chất liệu gỗ xồi tự nhiên -Thiết kế tối giản -2 tằng chính: -Tầng trên mặt kính đựng hồ sơ -Tầng dưới cửa gỗ -Kích thước: 200 x 160 x 47 -Màu sắc tự nhiên',NULL,NULL,'https://noithatdogoviet.com/upload/sanpham/large/tu-de-sach-cua-kinh-phong-lam-viec-mau-soi-go-tu-nhien-mau-moi-dep.jpg',23,_binary '\0',12,4,'TUVANPHONG02','2023-09-21 15:53:45','2023-09-21 15:53:45'),(56,'Tủ Sách Cánh Kính Phòng Làm Việc Hiện Đại Màu Vàng Sồi Đẹp',18900000,'Chất liệu gỗ xồi tự nhiên -Thiết kế tối giản -2 tằng chính: -Tầng trên mặt kính đựng hồ sơ -Tầng dưới cửa gỗ -Kích thước: 200 x 160 x 47 -Màu sắc tự nhiên',NULL,NULL,'https://noithatdogoviet.com/upload/sanpham/large/tu-sach-canh-kinh-phong-lam-viec-hien-dai-mau-vang-soi-dep.jpg',5,_binary '\0',12,4,'TUVANPHONG03','2023-09-21 15:56:02','2023-09-21 15:56:02'),(57,'Tủ Hồ Sơ Kèm Bàn Làm Việc Đa Năng Cánh Kính Cường Lực Tốt',19000000,'Chất liệu gỗ xồi tự nhiên -Kèm bàn học mặt bàn lớn -Thiết kế tối giản -2 tằng chính: -Tầng trên mặt kính đựng hồ sơ -Tầng dưới cửa gỗ -Kích thước: 200 x 200 x 60 -Màu sắc tự nhiên',NULL,NULL,'https://noithatdogoviet.com/upload/sanpham/large/tu-ho-so-kem-ban-lam-viec-da-nang-canh-kinh-cuong-luc-tot.jpg',6,_binary '\0',12,4,'TUVANPHONG04','2023-09-21 15:58:50','2023-09-21 15:58:50'),(58,'Lục Bình Để Phòng Khách Gỗ Hương Đỏ 1m6 Đẹp',36890000,'Chất liệu: Gỗ Hương Đỏ. -Kích thước: 160 x 46 -Màu sắc tự nhiên -Gỗ nguyên khối -Có phun PU phủ bóng\n-Tình trạng: Hàng mới 100%\n-Trạng thái: Còn hàng.',NULL,NULL,'https://noithatdogoviet.com/upload/sanpham/large/luc-binh-de-phong-khach-go-huong-do-1m6-dep-gia-re-1.jpg',49,_binary '\0',13,5,'LUCBINH01','2023-09-21 16:04:19','2023-09-21 16:04:19'),(59,'Bộ Lục Bình Mini Gỗ Nu Nghiến Trang Trí Để Bàn Đẹp',2000000,'Chất liệu: Gỗ Nu Nghiến.\n-Tình trạng: Hàng mới 100%\n-Trạng thái: Còn hàng.',NULL,NULL,'https://noithatdogoviet.com/upload/sanpham/large/bo-luc-binh-mini-go-nu-nghien-trang-tri-de-ban-dep-gia-re.jpg',13,_binary '\0',13,5,'LUCBINH02','2023-09-21 16:07:27','2023-09-21 16:07:27'),(60,'Cặp Lục Bình Gỗ Trắc Nam Phi Cao 1m1 Vân Đẹp',38490000,'Chất liệu: Gỗ Trắc Nguyên Khối. -Kích thước 110 x 37 -Màu sắc tụ nhiên -Miệng bèo\n-Tình trạng: Hàng mới 100%\n-Trạng thái: Còn hàng.',NULL,NULL,'https://noithatdogoviet.com/upload/sanpham/large/cap-luc-binh-go-trac-nam-phi-cao-1m1-van-dep-gia-re.jpg',15,_binary '\0',13,5,'LUCBINH03','2023-09-21 16:10:37','2023-09-21 16:10:37'),(61,'Tượng Gỗ Phong Thủy Quan Công Cầm Đao Đẹp',690000,'Chất liệu: Gỗ Hương Đá. -Kích thước: 20 x 60 x 14 -\n-Tình trạng: Hàng mới 100%.\n-Trạng thái: Còn hàng.',NULL,NULL,'https://noithatdogoviet.com/upload/sanpham/large/tuong-go-phong-thuy-quan-cong-cam-dao-dep-gia-tot.jpg',26,_binary '\0',14,5,'TUONG01','2023-09-21 16:14:29','2023-09-21 16:14:29'),(62,'Tượng Gỗ Đứng Ông Di Lặc Cưỡi Lân Cầu Tài Đẹp',6800000,'Chất liệu: Gỗ Hương Đá.\n-Tình trạng: Hàng mới 100%.\n-Trạng thái: Còn hàng.',NULL,NULL,'https://noithatdogoviet.com/upload/sanpham/large/tuong-go-dung-ong-di-lac-cuoi-lan-cau-tai-dep.jpg',16,_binary '\0',14,5,'TUONG02','2023-09-21 16:18:59','2023-09-21 16:18:59');
/*!40000 ALTER TABLE `products` ENABLE KEYS */;
UNLOCK TABLES;

--
-- Table structure for table `role`
--

DROP TABLE IF EXISTS `role`;
/*!40101 SET @saved_cs_client     = @@character_set_client */;
/*!50503 SET character_set_client = utf8mb4 */;
CREATE TABLE `role` (
  `id` bigint NOT NULL AUTO_INCREMENT,
  `role_name` varchar(45) DEFAULT NULL,
  PRIMARY KEY (`id`)
) ENGINE=InnoDB AUTO_INCREMENT=3 DEFAULT CHARSET=utf8mb4 COLLATE=utf8mb4_0900_ai_ci;
/*!40101 SET character_set_client = @saved_cs_client */;

--
-- Dumping data for table `role`
--

LOCK TABLES `role` WRITE;
/*!40000 ALTER TABLE `role` DISABLE KEYS */;
INSERT INTO `role` VALUES (1,'ROLE_ADMIN'),(2,'ROLE_CUSTOMER');
/*!40000 ALTER TABLE `role` ENABLE KEYS */;
UNLOCK TABLES;

--
-- Table structure for table `shopping_cart`
--

DROP TABLE IF EXISTS `shopping_cart`;
/*!40101 SET @saved_cs_client     = @@character_set_client */;
/*!50503 SET character_set_client = utf8mb4 */;
CREATE TABLE `shopping_cart` (
  `id` bigint NOT NULL AUTO_INCREMENT,
  `customer_id` bigint DEFAULT NULL,
  `product_id` bigint DEFAULT NULL,
  `status_delete` bit(1) DEFAULT (0),
  `quantity` int DEFAULT '1',
  PRIMARY KEY (`id`),
  KEY `customer_id` (`customer_id`),
  KEY `product_id` (`product_id`),
  CONSTRAINT `shopping_cart_ibfk_1` FOREIGN KEY (`customer_id`) REFERENCES `customers` (`id`),
  CONSTRAINT `shopping_cart_ibfk_2` FOREIGN KEY (`product_id`) REFERENCES `products` (`id`)
) ENGINE=InnoDB AUTO_INCREMENT=125 DEFAULT CHARSET=utf8mb4 COLLATE=utf8mb4_0900_ai_ci;
/*!40101 SET character_set_client = @saved_cs_client */;

--
-- Dumping data for table `shopping_cart`
--

LOCK TABLES `shopping_cart` WRITE;
/*!40000 ALTER TABLE `shopping_cart` DISABLE KEYS */;
INSERT INTO `shopping_cart` VALUES (1,1,2,_binary '',2),(2,1,3,_binary '',4),(3,1,4,_binary '',1),(4,1,5,_binary '',1),(5,2,1,_binary '\0',1),(6,2,8,_binary '\0',1),(7,1,10,_binary '',1),(8,1,20,_binary '',1),(9,1,19,_binary '',1),(10,1,21,_binary '',1),(11,1,40,_binary '',1),(12,1,39,_binary '',1),(13,1,37,_binary '',1),(14,1,7,_binary '',1),(15,1,32,_binary '',2),(16,1,3,_binary '',3),(17,1,2,_binary '',1),(18,1,1,_binary '',1),(19,8,2,_binary '',1),(20,8,3,_binary '',1),(21,8,4,_binary '',1),(23,1,35,_binary '',1),(24,1,2,_binary '',2),(25,1,5,_binary '',1),(26,1,8,_binary '',1),(27,1,19,_binary '',1),(28,1,11,_binary '',1),(29,1,1,_binary '',1),(35,1,3,_binary '',3),(40,12,4,_binary '',3),(41,12,5,_binary '',1),(42,12,3,_binary '',1),(63,1,6,_binary '',1),(64,1,17,_binary '',1),(65,1,16,_binary '',1),(66,1,15,_binary '',1),(67,1,14,_binary '',1),(68,1,13,_binary '',1),(69,1,12,_binary '',1),(70,1,11,_binary '',1),(71,1,10,_binary '',1),(72,1,9,_binary '',1),(73,1,24,_binary '',2),(74,1,25,_binary '',1),(75,1,33,_binary '',1),(76,1,18,_binary '',1),(77,1,19,_binary '',1),(78,1,20,_binary '',1),(79,1,21,_binary '',1),(80,1,25,_binary '',1),(81,1,24,_binary '',1),(82,1,23,_binary '',1),(83,1,22,_binary '',1),(84,1,26,_binary '',1),(85,1,27,_binary '',1),(86,1,28,_binary '',1),(87,1,29,_binary '',1),(90,1,6,_binary '',1),(91,15,6,_binary '',1),(92,15,21,_binary '\0',1),(93,16,6,_binary '',1),(95,16,6,_binary '',1),(96,16,6,_binary '',1),(102,12,34,_binary '\0',1),(103,1,24,_binary '',1),(120,1,34,_binary '',1),(121,1,35,_binary '',1),(124,1,3,_binary '\0',9);
/*!40000 ALTER TABLE `shopping_cart` ENABLE KEYS */;
UNLOCK TABLES;

--
-- Table structure for table `users`
--

DROP TABLE IF EXISTS `users`;
/*!40101 SET @saved_cs_client     = @@character_set_client */;
/*!50503 SET character_set_client = utf8mb4 */;
CREATE TABLE `users` (
  `id` bigint NOT NULL AUTO_INCREMENT,
  `user_name` varchar(100) NOT NULL,
  `password` varchar(255) NOT NULL,
  `email` varchar(100) NOT NULL,
  `verification_code` bigint DEFAULT NULL,
  `status` int DEFAULT NULL,
  `id_role` bigint DEFAULT NULL,
  `create_time` timestamp NULL DEFAULT CURRENT_TIMESTAMP,
  PRIMARY KEY (`id`),
  UNIQUE KEY `users_name` (`user_name`),
  UNIQUE KEY `email` (`email`),
  KEY `id_role` (`id_role`),
  CONSTRAINT `users_ibfk_1` FOREIGN KEY (`id_role`) REFERENCES `role` (`id`)
) ENGINE=InnoDB AUTO_INCREMENT=20 DEFAULT CHARSET=utf8mb4 COLLATE=utf8mb4_0900_ai_ci;
/*!40101 SET character_set_client = @saved_cs_client */;

--
-- Dumping data for table `users`
--

LOCK TABLES `users` WRITE;
/*!40000 ALTER TABLE `users` DISABLE KEYS */;
INSERT INTO `users` VALUES (1,'nhan123@gmail.com','$2a$12$tqoPifKs2XMcQ5qh1YQOgeXu4Q59EfzCn28FhOl50xNqdlMiJT/RC','nhan123@gmail.com',NULL,0,2,'2023-09-18 07:26:41'),(3,'admin@gmail.com','$2a$12$tqoPifKs2XMcQ5qh1YQOgeXu4Q59EfzCn28FhOl50xNqdlMiJT/RC','admin@gmail.com',NULL,0,1,'2023-09-18 07:26:41'),(4,'anh123@gmail.com','$2a$12$tqoPifKs2XMcQ5qh1YQOgeXu4Q59EfzCn28FhOl50xNqdlMiJT','anh123@gmail.com',NULL,0,2,'2023-09-18 07:26:41'),(6,'nhanA@gmail.com','$2a$10$WglUlKRs8x3gBPtkwlx8qOf6ETvx.n9nOt1LmfPyeGAAV6CR1W5ae','nhanA@gmail.com',671998,1,2,'2023-09-18 07:26:41'),(9,'nhanB@gmail.com','$2a$10$/cCAInrw1uAWPeq5TBecsOPN/me3Jwfd8QquEY.gQUYTBBZZ2whkO','nhanB@gmail.com',419031,2,2,'2023-09-18 07:26:41'),(10,'heeyeon@gmail.com','$2a$10$fEZNM.NZ1bKuE31Y1QEb6ObHLAHC2OETZpFPaY9t0TFxc.dVFmzPm','heeyeon@gmail.com',566350,2,2,'2023-09-18 07:26:41'),(11,'nhan12112@gmail.com','$2a$10$Tmm9CjeHjrgSax1tuYD/seJ6Hl5riHcOGZzvEMsomiglIBENTXo.i','nhan12112@gmail.com',692153,2,2,'2023-09-18 07:26:41'),(12,'nhan3@gmail.com','$2a$10$VtF.Y88kTwr6XmMhsNK9f.Fyy5fYJjSEVuYKU/Gauv/zoZeVo3rVS','nhan3@gmail.com',204728,2,2,'2023-09-18 07:26:41'),(13,'tuan1@gmail.com','$2a$10$5bJQ6kuRkdfyZfkos1wiA.wqgvI52AzYgAxj5XTIeEcT974s5nr8m','tuan1@gmail.com',NULL,0,2,'2023-09-18 07:26:41'),(14,'tuan2@gmail.com','$2a$10$6j5IslXkI0AE0Oe1x6GTwO9eOihauyyyF8kg9kwiGKefvoxMQegfG','tuan2@gmail.com',NULL,0,2,'2023-09-18 07:26:41'),(15,'tuan3@gmail.com','$2a$10$ayFrLKRyDrbodovZpCv8sex.kUo5CLS2FSwtt33fHXKqZBnqatzEi','tuan3@gmail.com',NULL,0,2,'2023-09-18 07:27:59'),(16,'anhle@gmail.com','$2a$10$h.teRKG8pYPdlBjzQsQ63uopX.VxhChS5.vjVI6rPEtyppT7zMU42','anhle@gmail.com',NULL,2,2,'2023-09-19 08:08:26'),(17,'hieu1@gmail.com','$2a$10$tRWy2bh95zM4YZZ/vE07X.Ki0li5pfYtHH7uvpRuG2RONMZMJ3G..','hieu1@gmail.com',158045,2,2,'2023-09-19 08:37:08'),(18,'nhan11@gmail.com','$2a$10$i1WU6XAoMw0RtHZ4GB7zF.8ngefKgh0kroSAwcvlKPR7cihxvYnTm','nhan11@gmail.com',NULL,0,2,'2023-09-21 04:32:58'),(19,'hung1@gmail.com','$2a$10$xFPRJzd0ygHfouhTEXkaquL3knk3yikrn6l6sKKXOQDuzbTS4bBCC','hung1@gmail.com',NULL,0,2,'2023-09-21 07:02:18');
/*!40000 ALTER TABLE `users` ENABLE KEYS */;
UNLOCK TABLES;
/*!40103 SET TIME_ZONE=@OLD_TIME_ZONE */;

/*!40101 SET SQL_MODE=@OLD_SQL_MODE */;
/*!40014 SET FOREIGN_KEY_CHECKS=@OLD_FOREIGN_KEY_CHECKS */;
/*!40014 SET UNIQUE_CHECKS=@OLD_UNIQUE_CHECKS */;
/*!40101 SET CHARACTER_SET_CLIENT=@OLD_CHARACTER_SET_CLIENT */;
/*!40101 SET CHARACTER_SET_RESULTS=@OLD_CHARACTER_SET_RESULTS */;
/*!40101 SET COLLATION_CONNECTION=@OLD_COLLATION_CONNECTION */;
/*!40111 SET SQL_NOTES=@OLD_SQL_NOTES */;

-- Dump completed on 2023-10-06 14:00:30
